,name,avengerKills,bestStreak,deaths,dogtagsTaken,elo,extra.accuracy,extra.assignments,extra.assignmentsTotal,extra.gspm,extra.hkp,extra.kdr,extra.khp,extra.kpm,extra.medals,extra.medalsTotal,extra.medalsUnique,extra.ribbons,extra.ribbonsTotal,extra.ribbonsUnique,extra.ribpr,extra.roundsFinished,extra.sfpm,extra.spm,extra.unknownKills,extra.vehKillsP,extra.vehKpm,extra.vehTimeP,extra.vehicleKills,extra.vehicleTime,extra.weaKillsP,extra.weaKpm,extra.weaTimeP,extra.weaponKills,extra.weaponTime,extra.wlr,flagCaptures,flagDefend,headshots,heals,killAssists,killStreakBonus,kills,kits.assault.id,kits.assault.score,kits.assault.spm,kits.assault.stars,kits.assault.time,kits.commander.id,kits.commander.score,kits.commander.spm,kits.commander.stars,kits.commander.time,kits.engineer.id,kits.engineer.score,kits.engineer.spm,kits.engineer.stars,kits.engineer.time,kits.recon.id,kits.recon.score,kits.recon.spm,kits.recon.stars,kits.recon.time,kits.support.id,kits.support.score,kits.support.spm,kits.support.stars,kits.support.time,longestHeadshot,longestWinStreak,mcomDefendKills,nemesisKills,nemesisStreak,numLosses,numRounds,numWins,rank,repairs,reset.deaths,reset.kills,reset.lastReset,reset.numLosses,reset.numWins,reset.score,reset.shotsFired,reset.shotsHit,reset.timePlayed,reset.timePlayedSinceLastReset,resupplies,revives,saviorKills,scores.award,scores.bonus,scores.combatScore,scores.general,scores.objective,scores.rankScore,scores.score,scores.squad,scores.team,scores.totalScore,scores.unlock,scores.vehicle,shotsFired,shotsHit,skill,streak,suppressionAssists,timePlayed,vehicleDamage,vehiclesDestroyed,Conquest_score,Rush_score,Deathmatch_score,Domination_score,Capture the Flag_score,Obliteration_score,Air Superiority_score,Defuse_score,Carrier Assault Large_score,Carrier Assault_score,Chain Link_score,GADGET_extra.accuracy,GADGET_extra.hkp,GADGET_extra.kpm,GADGET_extra.sfpm,GADGET_extra.spm,GADGET_stat.hits,GADGET_stat.hs,GADGET_stat.kills,GADGET_stat.shots,GADGET_stat.time,SNIPER RIFLE_extra.accuracy,SNIPER RIFLE_extra.hkp,SNIPER RIFLE_extra.kpm,SNIPER RIFLE_extra.sfpm,SNIPER RIFLE_extra.spm,SNIPER RIFLE_stat.hits,SNIPER RIFLE_stat.hs,SNIPER RIFLE_stat.kills,SNIPER RIFLE_stat.score,SNIPER RIFLE_stat.shots,SNIPER RIFLE_stat.time,PDW_extra.accuracy,PDW_extra.hkp,PDW_extra.kpm,PDW_extra.sfpm,PDW_extra.spm,PDW_stat.hits,PDW_stat.hs,PDW_stat.kills,PDW_stat.score,PDW_stat.shots,PDW_stat.time,CARBINE_extra.accuracy,CARBINE_extra.hkp,CARBINE_extra.kpm,CARBINE_extra.sfpm,CARBINE_extra.spm,CARBINE_stat.hits,CARBINE_stat.hs,CARBINE_stat.kills,CARBINE_stat.score,CARBINE_stat.shots,CARBINE_stat.time,BATTLE PICKUP_extra.accuracy,BATTLE PICKUP_extra.hkp,BATTLE PICKUP_extra.kpm,BATTLE PICKUP_extra.sfpm,BATTLE PICKUP_extra.spm,BATTLE PICKUP_stat.hits,BATTLE PICKUP_stat.hs,BATTLE PICKUP_stat.kills,BATTLE PICKUP_stat.shots,BATTLE PICKUP_stat.time,LMG_extra.accuracy,LMG_extra.hkp,LMG_extra.kpm,LMG_extra.sfpm,LMG_extra.spm,LMG_stat.hits,LMG_stat.hs,LMG_stat.kills,LMG_stat.score,LMG_stat.shots,LMG_stat.time,GRENADE_extra.accuracy,GRENADE_extra.hkp,GRENADE_extra.kpm,GRENADE_extra.sfpm,GRENADE_extra.spm,GRENADE_stat.hits,GRENADE_stat.hs,GRENADE_stat.kills,GRENADE_stat.score,GRENADE_stat.shots,GRENADE_stat.time,DMR_extra.accuracy,DMR_extra.hkp,DMR_extra.kpm,DMR_extra.sfpm,DMR_extra.spm,DMR_stat.hits,DMR_stat.hs,DMR_stat.kills,DMR_stat.score,DMR_stat.shots,DMR_stat.time,ASSAULT RIFLE_extra.accuracy,ASSAULT RIFLE_extra.hkp,ASSAULT RIFLE_extra.kpm,ASSAULT RIFLE_extra.sfpm,ASSAULT RIFLE_extra.spm,ASSAULT RIFLE_stat.hits,ASSAULT RIFLE_stat.hs,ASSAULT RIFLE_stat.kills,ASSAULT RIFLE_stat.score,ASSAULT RIFLE_stat.shots,ASSAULT RIFLE_stat.time,KNIFE_extra.accuracy,KNIFE_extra.hkp,KNIFE_extra.kpm,KNIFE_extra.sfpm,KNIFE_extra.spm,KNIFE_stat.hits,KNIFE_stat.hs,KNIFE_stat.kills,KNIFE_stat.shots,KNIFE_stat.time,SHOTGUN_extra.accuracy,SHOTGUN_extra.hkp,SHOTGUN_extra.kpm,SHOTGUN_extra.sfpm,SHOTGUN_extra.spm,SHOTGUN_stat.hits,SHOTGUN_stat.hs,SHOTGUN_stat.kills,SHOTGUN_stat.score,SHOTGUN_stat.shots,SHOTGUN_stat.time,SIDEARM_extra.accuracy,SIDEARM_extra.hkp,SIDEARM_extra.kpm,SIDEARM_extra.sfpm,SIDEARM_extra.spm,SIDEARM_stat.hits,SIDEARM_stat.hs,SIDEARM_stat.kills,SIDEARM_stat.score,SIDEARM_stat.shots,SIDEARM_stat.time,Infantry Fighting Vehicle_extra.kpm,Infantry Fighting Vehicle_extra.spm,Infantry Fighting Vehicle_stat.destroys,Infantry Fighting Vehicle_stat.kills,Infantry Fighting Vehicle_stat.time,Anti Air_extra.kpm,Anti Air_extra.spm,Anti Air_stat.destroys,Anti Air_stat.kills,Anti Air_stat.time,Transport KA-60_extra.kpm,Transport KA-60_extra.spm,Transport KA-60_stat.destroys,Transport KA-60_stat.kills,Transport KA-60_stat.time,Transport_extra.kpm,Transport_extra.spm,Transport_stat.destroys,Transport_stat.kills,Transport_stat.time,Air Jet Stealth_extra.kpm,Air Jet Stealth_extra.spm,Air Jet Stealth_stat.destroys,Air Jet Stealth_stat.kills,Air Jet Stealth_stat.score,Air Jet Stealth_stat.time,Air Helicopter Scout AH6_extra.kpm,Air Helicopter Scout AH6_extra.spm,Air Helicopter Scout AH6_stat.destroys,Air Helicopter Scout AH6_stat.kills,Air Helicopter Scout AH6_stat.score,Air Helicopter Scout AH6_stat.time,Air Jet Attack_extra.kpm,Air Jet Attack_extra.spm,Air Jet Attack_stat.destroys,Air Jet Attack_stat.kills,Air Jet Attack_stat.score,Air Jet Attack_stat.time,Weapon Stationary _extra.kpm,Weapon Stationary _extra.spm,Weapon Stationary _stat.destroys,Weapon Stationary _stat.kills,Weapon Stationary _stat.time,HIMARS_extra.kpm,HIMARS_extra.spm,HIMARS_stat.destroys,HIMARS_stat.kills,HIMARS_stat.time,Air Helicopter Scout z11_extra.kpm,Air Helicopter Scout z11_extra.spm,Air Helicopter Scout z11_stat.destroys,Air Helicopter Scout z11_stat.kills,Air Helicopter Scout z11_stat.time,Boat_extra.kpm,Boat_extra.spm,Boat_stat.destroys,Boat_stat.kills,Boat_stat.time,Air_extra.kpm,Air_extra.spm,Air_stat.destroys,Air_stat.kills,Air_stat.time,Weapon Stationary AA_extra.kpm,Weapon Stationary AA_extra.spm,Weapon Stationary AA_stat.destroys,Weapon Stationary AA_stat.kills,Weapon Stationary AA_stat.time,Main Battle Tanks_extra.kpm,Main Battle Tanks_extra.spm,Main Battle Tanks_stat.destroys,Main Battle Tanks_stat.kills,Main Battle Tanks_stat.score,Main Battle Tanks_stat.time,Air Helicopter Scout_extra.kpm,Air Helicopter Scout_extra.spm,Air Helicopter Scout_stat.destroys,Air Helicopter Scout_stat.kills,Air Helicopter Scout_stat.time,MBT T90_extra.kpm,MBT T90_extra.spm,MBT T90_stat.destroys,MBT T90_stat.kills,MBT T90_stat.time,Air Helicopter Attack_extra.kpm,Air Helicopter Attack_extra.spm,Air Helicopter Attack_stat.destroys,Air Helicopter Attack_stat.kills,Air Helicopter Attack_stat.score,Air Helicopter Attack_stat.time,Mobile Artillery_extra.kpm,Mobile Artillery_extra.spm,Mobile Artillery_stat.destroys,Mobile Artillery_stat.kills,Mobile Artillery_stat.time,Transport UH-1Y Venom_extra.kpm,Transport UH-1Y Venom_extra.spm,Transport UH-1Y Venom_stat.destroys,Transport UH-1Y Venom_stat.kills,Transport UH-1Y Venom_stat.time,Soldier Equiment_extra.kpm,Soldier Equiment_extra.spm,Soldier Equiment_stat.destroys,Soldier Equiment_stat.kills,Soldier Equiment_stat.time,Fast Attack Craft_extra.kpm,Fast Attack Craft_extra.spm,Fast Attack Craft_stat.destroys,Fast Attack Craft_stat.kills,Fast Attack Craft_stat.score,Fast Attack Craft_stat.time,Jeep SPM3_extra.kpm,Jeep SPM3_extra.spm,Jeep SPM3_stat.destroys,Jeep SPM3_stat.kills,Jeep SPM3_stat.time,MBT M1 Abrams_extra.kpm,MBT M1 Abrams_extra.spm,MBT M1 Abrams_stat.destroys,MBT M1 Abrams_stat.kills,MBT M1 Abrams_stat.time,IFV LAV-25_extra.kpm,IFV LAV-25_extra.spm,IFV LAV-25_stat.destroys,IFV LAV-25_stat.kills,IFV LAV-25_stat.time,IFV BTR 90_extra.kpm,IFV BTR 90_extra.spm,IFV BTR 90_stat.destroys,IFV BTR 90_stat.kills,IFV BTR 90_stat.score,IFV BTR 90_stat.time,AA 9K22 Tunguska_extra.kpm,AA 9K22 Tunguska_extra.spm,AA 9K22 Tunguska_stat.destroys,AA 9K22 Tunguska_stat.kills,AA 9K22 Tunguska_stat.time,AA LAV-AD_extra.kpm,AA LAV-AD_extra.spm,AA LAV-AD_stat.destroys,AA LAV-AD_stat.kills,AA LAV-AD_stat.score,AA LAV-AD_stat.time
0,AKATH3SCI3NTIST,41635,11,246916,3484,0,13,98,108,255,13,1,15,1,2154,54,38,230944,54,54,13,17142,61,828,2406,20,1,22,100590,4981645,78,2,43,386308,9508325,2,48796,75782,67352,103449,41323,128,489304,1,79084704,1171,510,4051470,2048,191176,368,9,31090,2,41283900,924,315,2679070,8,11279000,648,108,1044100,32,32915000,1019,245,1936310,754,0,16,6004,15,4476,20104,12666,140,15204,0,0,0,0,0,0,0,0,0,0,42456,21190,45366,84006096,7785220,220645280,94231504,0,32160000,304906254,19465900,7329720,304906254,249000,55891500,22484400,3096750,505,2,29853,22091200,48875,44846,89484400,1169720,48550,357603,1500,29963,12793,1000,48875,48875,21500,46,0,1,39,0,317465,35,30474,676957,1030929,40,43,0,4,159,23886,4980,11557,1919880,59106,720034,16,18,2,75,343,215052,6865,36736,5772720,1276856,1008929,18,18,1,60,262,277457,8771,47606,6651140,1532673,1519661,46,7,1,9,0,7668,205,2915,16611,107484,11,20,3,167,456,518376,16700,81218,12089400,4430436,1588165,61,0,10,77,1639,98283,0,21686,3364800,158909,123104,24,16,1,26,269,20820,962,5793,864895,86325,192534,18,18,2,81,394,716195,23646,125314,18460900,3821156,2804979,0,0,0,0,0,0,0,3389,0,0,92,6,3,14,519,29315,457,6608,1130920,31591,130738,21,16,2,55,410,56402,2084,12957,1917900,257666,280172,1,0,2896,12187,574662,1,0,2838,6067,313564,0,0,1,1,410,0,0,126,874,274795,0,323,1788,1502,1325240,246106,0,0,0,0,5647520,0,0,296,572,759,611368,123888,1,0,35,244,13172,1,0,2,8,334,0,0,0,0,0,0,0,76,303,37478,0,0,40,119,8631,0,0,2,4,0,0,653,3952,12934,8447150,776126,1,0,4536,10922,576074,1,0,5,33,1871,2,913,7009,30540,13096700,859982,0,0,143,362,24876,0,0,0,0,437,0,0,245,249,0,1,1676,4299,11742,16049100,574210,0,0,0,0,188,0,0,0,0,6,1,0,3,21,773,1,201464,2,52,7131830,2124,0,0,0,0,0,0,0,0,0,3582630,0
1,Adversity 64,33602,3,182750,1393,0,19,85,108,227,10,2,14,1,2014,54,36,202270,54,50,13,15484,45,737,-383,31,1,27,138787,5689790,68,2,38,295934,7936540,1,47305,62553,44700,110426,19455,105,434338,1,60056200,952,387,3782090,2048,68800,280,3,14703,2,21638800,731,165,1774500,8,31159700,830,299,2251920,32,4346660,769,32,338966,620,0,24,6004,12,5263,18391,10221,140,37404,0,0,0,0,0,0,0,0,0,0,8143,25164,16758,68029904,6439550,186250464,78556304,0,32160000,254489321,23456200,3267830,254489321,201050,68980304,15556300,3022010,471,0,6521,20693000,48327,51139,72513904,255695,123500,333288,10150,1075,13657,16500,13570,13570,7420,48,0,1,140,0,837239,52,17490,1734501,739116,40,13,1,4,217,6456,726,5401,759403,16011,209478,16,15,1,31,185,67069,2814,18142,2443020,417662,790944,16,15,2,54,324,348613,14636,95619,12479400,2102609,2308530,35,2,1,9,0,1826,26,923,5215,33338,10,17,2,86,339,30736,1507,8860,1185610,302503,209339,70,0,6,68,836,23086,0,3099,402494,32961,28859,20,14,1,20,255,13875,869,6017,858798,68997,201929,15,15,2,52,320,431657,18586,120522,16468200,2701173,3079735,0,0,0,0,0,0,0,1391,0,0,54,5,2,10,346,10914,240,4475,648753,19920,112221,17,12,3,68,493,45640,1771,13984,1833410,253574,222733,1,0,7516,39925,1285131,2,0,411,2037,59937,0,0,0,0,317,0,0,147,950,237093,0,398,2065,2210,1382720,208231,0,0,0,0,10199000,0,1,531,6463,8972,4666600,527291,0,0,217,490,40879,1,0,1,3,178,0,0,0,0,0,0,0,40,269,44649,0,0,14,36,3074,0,0,2,2,0,1,861,9638,35556,19139300,1333654,1,0,7021,23991,876613,2,0,56,339,8831,1,723,6152,17719,10111100,839001,1,0,120,374,19804,0,0,1,1,607,0,0,25,283,0,1,1995,469,1957,2553230,76784,0,0,1,4,426,2,0,42,244,6905,2,0,69,497,13508,2,63619,83,674,20183400,19035,0,0,0,0,0,0,0,0,0,744924,0
2,BOOTYxKILLERv1,23983,3,107761,3159,0,18,96,108,152,8,3,15,0,1847,54,38,178912,54,53,9,19511,27,531,656,45,1,32,170358,9583097,54,1,33,206304,9715702,2,58221,71811,33104,14578,27330,73,377318,1,8004120,720,51,666472,2048,549206,326,27,100786,2,25391000,626,193,2433590,8,22914700,578,220,2377780,32,45048400,616,336,4385550,649,0,81,5552,24,5139,22646,14372,140,8201,0,0,0,0,0,0,0,0,0,0,77861,4151,19184,58112200,4452980,200670626,74350304,0,32160000,259014153,25921600,3074430,259014153,183950,98763200,13503800,2462330,419,0,11485,29244900,54106,55595,90244400,714033,130400,270910,10525,109795,1170,10500,17403,17403,10355,39,0,1,30,0,183898,10,23813,460772,905457,31,50,0,3,261,2294,573,1131,596981,7286,137019,16,15,1,36,144,94591,2644,16652,2283020,578990,947580,15,18,1,43,168,658215,21367,118512,16263300,4141582,5774260,32,8,0,4,0,9117,395,4845,28236,343833,9,19,1,62,141,13311,451,2341,316099,138786,133746,73,0,3,69,492,32244,0,2356,314199,44159,38294,16,17,0,15,99,10911,540,3105,411198,64730,248038,16,16,1,44,180,58290,1823,10903,1453570,358413,482595,0,0,0,0,0,0,0,3127,0,0,59,7,1,10,193,50444,746,10474,1525760,85396,473698,17,16,2,57,306,38302,1487,9038,1178030,222801,230523,1,0,10928,52264,2619905,1,0,2790,12472,557906,0,0,0,1,233,0,0,216,1530,438484,0,344,1374,1184,1161200,202283,0,0,0,0,11713400,0,0,389,1448,1776,1271260,195697,1,0,26,232,10850,0,0,5,22,1444,0,0,0,0,0,0,0,36,175,32790,0,0,77,387,24026,0,0,8,10,0,1,681,17083,56847,37675700,3318427,1,0,5443,23832,1115019,1,0,18,132,6683,1,648,3910,12688,7341080,679145,0,0,330,1011,99528,0,0,1,2,958,0,0,233,1046,0,0,1487,590,2035,3029300,122188,0,0,0,0,26,1,0,21,97,5278,0,0,1,16,978,1,376020,13,91,30777300,4911,0,0,0,0,0,0,0,0,0,5793980,0
3,Benz0 92,19239,4,174051,1352,0,12,99,108,219,8,2,12,0,1832,54,38,190516,54,53,10,17698,65,790,1228,46,1,43,162084,9243108,53,1,40,184991,8563234,2,81539,76766,29139,4167,29477,76,348303,1,9098780,761,58,716844,2048,978817,398,48,147390,2,75005104,909,572,4949920,8,9964560,519,95,1151080,32,20148300,746,150,1618380,1387,0,3,4901,12,5145,19515,12553,140,12895,86819,125902,1451239936,2801,6467,101075000,73144,73144,9925610,0,14155,3724,18826,56842900,4023630,221845561,77253696,0,32160000,278954602,27102000,3044790,278954602,227900,106650000,23040100,2876470,596,0,13338,21163600,71791,64449,108945000,101629,49700,1076,1950,21976,24597,2500,33190,33190,19860,43,0,1,34,0,357868,38,28843,831027,1444501,27,34,0,4,77,16922,2420,7014,1111770,61744,855815,14,18,1,68,219,446452,12983,70532,10280000,3188922,2804644,14,17,1,50,159,121780,3763,20982,2725420,861434,1027718,33,3,0,9,0,21653,213,6225,64748,397513,8,19,1,72,138,55153,1853,9346,1242030,649781,539876,54,0,6,74,946,39851,0,6871,930711,73615,58989,18,16,0,19,161,16907,813,4791,785164,92913,291105,14,19,1,52,171,62872,2096,10941,1467780,444892,512595,0,0,0,0,0,0,0,1346,0,0,65,8,1,9,220,32590,593,7284,1197140,49991,326109,19,14,2,45,275,44156,1553,10806,1394980,229281,303901,1,0,6037,32747,1436139,1,0,1937,7270,338838,0,0,0,1,149,0,0,242,1338,486545,0,384,2970,2775,2721450,425201,0,0,0,0,6715570,0,0,448,6814,9535,6508240,869997,0,0,241,606,69606,1,0,0,2,101,0,0,0,0,0,0,0,156,665,108346,0,0,77,502,31776,0,0,5,4,0,1,808,5122,22457,16806300,1247373,0,0,3821,9958,736995,0,0,0,0,0,1,641,7302,22032,13615600,1273346,0,0,937,2336,192701,0,0,0,0,783,0,0,41,229,0,1,2066,6604,25237,34128400,990877,0,0,0,0,75,0,0,0,0,3,0,0,0,0,0,1,38179200,1,1,22271200,35,0,0,0,0,0,0,0,0,0,3883420,0
4,Bringmeofasking,33719,2,166132,3900,0,24,90,108,206,12,2,13,1,1843,54,40,197176,54,53,11,16821,36,747,-9730,39,1,30,168645,6227449,62,1,40,267217,8285129,1,43652,58378,52863,171218,18469,93,426132,1,86246200,940,556,5499290,2048,77615,222,3,20900,2,14194300,784,108,1085170,8,13617500,544,130,1501930,32,2467160,700,18,211428,1015,0,1463,10436,17,6019,18495,10802,140,37155,131070,267805,1521159936,4622,7309,161210000,201085,201085,12281000,0,3148,11048,15785,62970700,5516820,193420575,70993104,0,32160100,256761715,29959100,3107500,256761715,224950,76817800,12625200,3055010,577,0,7618,20615900,43846,45940,61893100,21220200,10800,2895,97250,289490,26015,40500,293184,293184,10940,43,0,1,148,0,608994,99,18405,1402030,565399,38,25,0,3,142,19766,4178,16458,2397640,51374,1009453,13,15,1,38,223,37298,1764,11433,1612620,278614,432613,14,16,1,39,252,55313,2714,16516,2467880,382212,587236,32,3,1,8,0,1963,28,817,6120,43854,7,17,1,64,213,8703,451,2590,379621,114506,106465,31,0,8,64,1056,20308,0,8446,1060810,64293,60228,20,20,1,12,182,6315,619,2990,437855,30343,143850,14,17,2,40,267,468310,28789,163795,21235700,3248007,4759981,0,0,0,0,0,0,0,3900,0,0,75,8,2,8,390,8410,228,2848,532261,11148,81801,18,14,2,33,291,50479,2834,18904,2387760,274165,490894,2,0,2616,20716,611688,1,0,793,2556,96911,0,0,1,5,621,0,0,77,1440,178438,0,335,1270,1130,966771,172937,0,0,0,0,635710,0,0,330,3806,5269,2618710,475500,1,0,38,261,11538,1,0,15,47,2209,0,0,0,0,0,0,0,27,149,34433,1,0,210,376,17922,0,0,1,1,0,1,873,23632,110050,55005600,3779653,0,0,222,1105,74291,2,0,384,2895,70030,1,650,639,3232,1461790,134826,0,0,63,182,12670,0,0,0,4,1303,0,0,309,715,0,1,1537,1105,6780,5471690,213552,0,0,0,6,622,2,0,794,5509,142527,2,0,89,953,24050,2,39276,55,590,9608300,14678,0,0,0,0,0,0,0,0,0,1049280,0
5,CCH 20UA PL,8974,3,99923,589,0,8,65,108,69,7,0,14,0,1418,54,29,142986,54,45,9,14498,22,736,6568,29,0,18,27275,3578325,63,0,28,58798,5502644,1,54064,23030,7148,71843,10524,32,92641,1,8794040,680,56,775630,2048,104942000,996,5247,6318590,2,30943100,720,236,2578540,8,191388,438,1,26194,32,33984500,884,253,2304830,590,0,0,338,22,6011,15616,8487,140,24006,97726,90189,1556120064,5837,8255,237432000,71967,71967,18592300,0,86237,10073,8455,30169100,1258790,210868528,22651100,0,32160000,241157983,12733200,3713310,241157983,119100,32013500,7364800,657127,261,0,6035,19650100,17471,17138,82011696,30750,1750,4250,5812,0,0,500,1156,1156,3600,27,0,0,42,0,145540,48,9406,526689,749528,21,51,0,4,75,249,54,105,20030,1137,15903,12,13,0,22,69,22355,471,3535,559544,181463,485409,10,15,0,28,76,165979,4241,27609,4142200,1524674,3261932,22,11,0,2,0,109,6,53,476,10638,8,21,0,43,90,4474,150,692,103613,50337,68900,51,0,7,73,1085,32323,0,6216,929840,63114,51399,24,47,0,6,58,71,11,23,2675,285,2765,10,16,0,36,110,37836,1093,6483,1105260,366881,598756,0,0,0,0,0,0,0,589,0,0,48,6,0,7,121,10900,149,2173,361005,22697,177717,12,18,1,54,232,8783,356,1914,308531,72371,79599,0,0,1560,4923,518576,0,0,904,1292,199844,0,0,0,0,0,0,0,67,238,224736,0,175,5,4,17728,6045,0,0,0,0,1237460,0,0,371,0,0,25757,4159,0,0,27,234,23077,0,0,0,0,0,0,0,0,0,0,0,0,56,150,59113,0,0,28,152,21852,0,0,6,7,0,0,600,4898,10345,13336600,1331844,0,0,181,180,167884,0,0,0,0,0,0,417,72,173,263235,37813,0,0,91,263,36356,0,0,0,0,384,0,0,0,1,0,0,1387,1540,4369,10636500,460105,0,0,0,0,0,0,0,0,0,23,1,0,0,2,107,0,0,0,0,5292200,0,0,0,0,0,0,0,0,0,0,1203990,0
6,DemonoidDragula,22612,5,59376,506,0,16,78,108,213,8,7,11,1,1834,54,31,221103,54,51,14,15591,62,596,-7874,80,1,54,373299,12893290,21,1,16,98628,4022094,2,38491,76273,37665,19703,32065,134,464053,1,18954400,654,122,1738190,2048,56165,191,2,17579,2,16375200,540,125,1818810,8,693383,275,6,151214,32,3854580,412,28,561142,604,0,14,16333,18,5078,18204,10513,140,21882,0,0,0,0,0,0,0,0,0,0,6078,8142,22413,61348600,4949510,174163728,84486304,0,32160000,235645918,18753800,2793010,235645918,128000,134230000,24655600,4124750,480,0,23153,23707200,90815,90262,60680500,287445,9200,20321,5350,8030,3605,17500,127150,127150,2350,68,0,0,121,0,962083,16,4891,1408441,696514,27,43,0,4,282,765,185,425,171553,2776,36491,15,19,1,52,173,29639,1053,5373,614523,186083,212693,17,20,1,47,178,144913,5430,25942,3222490,851695,1081680,32,10,1,5,0,2026,133,1256,6263,67212,9,22,1,91,208,26864,1159,5177,655310,287708,188415,41,0,6,63,754,6098,0,1439,174002,14712,13845,19,19,1,23,148,653,36,183,21525,3403,8679,17,21,2,60,253,243589,10253,46720,5786590,1373342,1371196,0,0,0,0,0,0,0,506,0,0,55,7,1,10,145,10460,179,2508,272894,18767,112196,15,20,1,28,132,17273,853,4208,513815,110499,233173,1,0,4268,25184,853454,1,0,8693,22956,843886,0,0,0,0,824,0,0,118,983,265052,0,391,11184,9905,6812620,1043478,0,0,0,0,2257940,0,0,442,8148,9791,4828810,654994,0,0,39,129,14203,0,0,2,11,1476,0,0,0,0,0,0,0,48,167,37842,1,0,28,266,9763,0,0,1,2,0,2,714,45951,264816,92791104,7795175,0,0,1994,4491,328126,2,0,580,5739,120129,1,684,2845,12814,4790470,419979,0,0,68,158,14205,0,0,0,0,644,0,0,328,1233,0,1,1381,1237,6014,5048960,219252,0,0,0,6,694,2,0,184,1836,40824,2,0,9,145,3397,1,314329,3,49,9042220,1726,0,0,0,0,0,0,0,0,0,8658160,0
7,Divine Yuuko,51164,35,165821,2394,0,17,98,108,311,21,3,18,1,2412,54,39,292619,54,54,14,20890,53,964,-11,23,1,20,144053,4324669,76,3,42,462515,9091786,2,14225,30589,130384,35839,33719,140,606557,1,61507500,1282,396,2878410,2048,122998,433,6,17025,2,18257300,962,139,1138650,8,95672896,1177,919,4874660,32,4626800,996,34,278712,1817,0,1327,16298,16,5512,23214,15378,140,10843,0,0,0,0,0,0,0,0,0,0,7396,21764,48928,108229000,10943000,234117794,110497000,0,32160000,342626348,28459300,5937500,342626348,259750,53930300,18998600,3234240,807,2,19370,21307200,51453,50409,33838500,41344500,24300,50770,5937,873057,27770,1000,34003,34003,23222,49,0,1,60,0,380873,95,19365,769089,762233,48,42,2,8,426,314185,79671,186130,31073600,642800,4366435,19,18,2,84,469,74197,2307,12800,2106920,381210,269169,20,19,2,84,426,130845,4288,21899,3283560,653977,461845,47,7,2,13,0,11738,337,4667,24842,113692,15,20,2,99,439,41671,1481,7060,1159700,262603,158470,70,0,12,81,1804,63397,0,13756,1975110,89596,65671,28,18,2,30,395,15106,782,4340,692499,53379,105156,20,20,3,117,548,876236,27872,136878,20114500,4298663,2200279,0,0,0,0,0,0,0,2390,0,0,90,7,3,19,807,38899,667,8551,1775020,42969,131843,26,15,5,85,888,172185,7035,44599,6741280,649736,455187,2,0,1427,13441,339176,1,0,2188,7378,230550,0,0,0,0,0,0,0,81,1960,211333,0,540,4025,4126,2549680,283257,0,0,0,0,14080900,0,1,579,4743,7885,3420220,354104,2,0,164,955,24825,0,0,0,0,0,0,0,0,0,0,1,0,48,513,28194,1,0,27,62,3685,0,0,2,2,0,2,879,3187,21139,8727920,595310,2,0,9911,48514,1045872,0,0,0,0,0,1,829,8829,29424,14351100,1038182,0,0,21,37,2584,2,0,0,2,46,0,0,346,1456,0,2,1336,388,4533,2391120,107362,2,0,0,5,117,0,0,0,0,0,0,0,0,0,0,2,2819846,1,5,5310710,113,0,0,0,0,0,0,0,0,0,3098610,0
8,Eigi Einhamr,24059,52,92344,1420,0,26,83,108,316,11,3,12,1,1934,54,35,162638,54,53,14,10903,45,1118,-471,38,1,33,121643,4359177,62,1,46,198326,6002808,2,49406,63298,35901,63289,22596,91,319498,1,38723500,1101,249,2109980,2048,202563,323,10,37525,2,50097000,1022,382,2938650,8,2863170,621,27,276332,32,12843400,904,95,852255,843,0,11,5599,17,3149,11674,7754,140,14923,0,0,0,0,0,0,0,0,0,0,18183,13637,20331,66942700,5094230,174879329,68435600,0,32160100,242086321,18916500,4380890,242086321,230650,70149696,9913130,2615590,580,0,13212,12984500,31864,32662,76826800,267409,80500,129629,5950,297905,6661,7000,34670,34670,3520,61,0,0,83,0,571387,21,9542,934451,672720,41,46,1,4,264,5477,1418,3044,782509,13342,177636,24,15,2,47,309,114161,3252,20371,3101590,473202,601836,24,17,1,44,326,404499,12279,71896,12238000,1679181,2245960,46,5,1,6,0,6695,178,3093,14312,123661,18,18,2,58,349,71466,2587,13616,2268940,377412,389899,46,0,9,70,1513,10475,0,3058,490545,22741,19443,29,13,1,16,214,3582,135,1007,155415,11951,43520,24,17,2,57,408,312929,10060,57636,9196440,1288661,1351483,0,0,0,0,0,0,0,1420,0,0,121,7,2,8,414,21180,378,5274,827184,17385,119804,28,18,1,30,318,36388,1498,8305,1352700,128482,254806,2,0,5513,35023,1018715,2,0,3897,16503,431848,0,0,0,0,0,0,0,144,901,200849,0,358,381,357,364073,61005,0,0,0,0,3662710,0,0,483,1266,1651,1215740,150941,1,0,32,161,8696,0,0,0,0,0,0,0,0,0,0,0,0,97,398,35141,1,0,100,555,20663,0,0,1,0,0,1,998,8751,43940,27075500,1627784,1,0,1572,5956,289985,2,0,2,12,286,1,926,1862,7457,4358120,282168,1,0,96,228,12072,0,0,0,0,36,0,0,183,1250,0,1,2341,688,2888,3896900,99865,0,0,0,0,6,3,0,3,17,286,0,0,0,0,0,0,3478838,0,4,21568800,372,0,0,0,0,0,0,0,0,0,8007840,0
9,GENJOHNPERSHING,25286,16,258549,5272,0,11,77,108,131,9,1,16,0,1298,54,30,113058,54,47,5,20699,27,452,1436,20,0,16,58625,5186282,78,1,40,221711,13028423,1,57272,54398,25507,2793,33411,47,281772,1,7053340,933,45,453350,2048,70348,111,3,38016,2,138035008,736,1053,11252000,8,4319040,448,41,577971,32,6489290,717,48,542343,853,0,1,769,9,8956,26973,11743,140,5258,0,0,0,0,0,0,0,0,0,0,4270,3303,22091,40817500,4148560,199783526,69961696,0,32160000,240856334,22180400,3123560,240856334,252600,43816500,14491600,1698550,208,0,20365,31925300,46562,37373,100239000,53100,3700,2272,0,30918,900,0,4062,4062,5550,32,0,0,9,0,291706,41,70697,893465,5467242,20,17,0,5,169,8406,669,3749,1222940,40079,432879,11,19,1,61,183,453222,15778,82973,12322200,4105590,4027663,12,18,1,55,188,74375,2352,12837,2106580,614373,670122,26,5,0,12,0,42300,538,10653,158791,793867,5,20,0,93,174,33692,1128,5445,1173680,631054,403564,65,0,3,71,478,116608,0,7506,1183740,177030,148297,15,14,0,21,179,24494,1021,7099,1306760,159241,435712,11,21,1,65,241,29437,1095,5163,979988,266016,243272,0,0,0,0,0,0,0,5251,0,0,35,8,1,21,479,22598,302,3664,1429980,63001,179001,14,16,1,37,266,20178,1095,6555,981527,137049,221010,0,0,873,9154,576364,0,0,1089,2478,176063,0,0,0,0,382,0,0,253,1669,634535,0,209,170,182,455125,130244,0,0,0,0,13652200,0,0,190,163,256,381350,120060,0,0,277,630,102633,0,0,1,3,192,0,0,0,0,0,0,0,154,517,94391,0,0,25,100,11037,0,0,14,18,0,0,843,1064,8385,8635460,614007,0,0,4855,20387,1454981,0,0,5,52,3706,0,498,2518,6642,5306370,638217,0,0,926,2484,215536,0,0,10,21,31583,0,0,689,998,0,0,1355,875,2206,4179670,185003,0,0,0,0,16,1,0,0,14,519,0,0,2,52,3524,1,344129,1,36,9371800,1634,0,0,0,0,0,0,0,0,0,1834480,0
10,HiLLARYzHiTMAN,31141,6,138896,6045,0,16,90,108,207,13,2,19,1,2140,54,39,184778,54,52,10,17233,37,867,588,19,1,20,65232,3162829,79,2,45,262351,7214951,3,15918,17431,44175,100262,26574,56,328171,1,31524400,1249,203,1513310,2048,748953,421,37,106690,2,24791800,907,189,1638550,8,30477200,830,293,2201190,32,46951900,1140,350,2470230,817,0,1517,5762,18,4033,18706,13200,140,27085,0,0,0,0,0,0,0,0,0,0,55146,42599,26703,60926700,4324710,166165253,54316500,0,32160100,227294048,31387600,8409890,227294048,200850,31671000,9828220,1648680,633,0,11165,15716600,30321,28991,20930200,45939900,3000,8207,1300,119107,118512,0,12205,12205,11140,19,0,2,40,0,120775,45,31188,614265,910178,37,35,1,5,146,25566,5094,14208,1999460,68697,818513,19,15,1,54,247,35754,968,6331,813137,178910,197079,19,16,2,66,314,858498,26934,159450,20635100,4370061,3942797,33,5,0,6,0,601,12,234,1773,15911,14,17,2,79,285,41832,1285,7551,1014640,282790,213588,29,0,2,63,300,12166,0,1534,192692,40935,38492,24,17,1,21,204,10670,573,3346,412875,43671,121138,20,16,2,60,296,66634,2029,12172,1603680,328041,324218,0,0,0,0,0,0,0,6040,0,0,86,7,2,10,355,15188,272,3612,566560,17476,95619,37,23,1,13,241,45456,3895,16685,2159040,120392,537418,1,0,1214,17970,551895,1,0,319,1275,62103,0,0,0,0,251,0,0,129,2429,469112,0,368,1598,1505,1122390,182697,0,0,0,0,1096060,0,0,411,1023,1055,631283,92075,0,0,346,867,56841,0,0,0,0,0,0,0,0,0,0,0,0,71,287,47452,0,0,19,51,4116,0,0,4,1,0,1,784,4109,27115,12902000,987090,0,0,431,1316,134867,1,0,4,43,1333,1,886,1323,6478,3680540,249171,0,0,6,16,1989,0,0,1,3,617,0,0,5289,712,0,0,849,463,2777,3422470,241868,0,0,0,0,323,1,0,12,77,3137,0,0,0,0,0,2,981101,1,18,8192200,501,0,0,0,0,0,0,0,0,0,624032,0
11,IH8YourFace420,30040,3,132122,2178,0,11,97,108,207,9,3,12,0,2365,54,36,255798,54,54,14,17781,64,656,-1304,58,1,38,264035,11024235,41,1,25,190222,7226450,1,35685,64868,41128,128374,38080,92,452953,1,40224400,942,259,2560420,2048,241788,310,12,46734,2,30195200,698,230,2594030,8,10144600,603,97,1008920,32,17621700,764,131,1382560,1450,0,17,6151,17,7323,20381,10458,140,43361,125722,414384,1541139968,6831,9719,296208000,144857,144857,25603200,0,119254,29529,29540,86795800,5935220,228208688,99453800,0,32160000,315260562,45231000,7649320,315260562,229500,129781000,30951100,3653980,640,0,21283,28815000,95547,96011,65714100,655949,33100,47362,13387,107618,76347,9625,32344,32344,27070,37,0,0,59,0,449567,65,12774,1202895,1214270,31,49,0,5,151,16058,4288,8601,1505060,50925,597641,17,16,1,53,241,119753,3536,20882,3037240,669380,754140,18,17,1,45,222,160457,5513,31124,4227020,872138,1139629,33,6,1,9,0,5988,165,2387,17827,111022,10,19,1,83,259,125797,4664,23691,3599620,1165883,833414,50,0,5,66,682,19631,0,3048,399320,38852,35098,21,17,1,19,183,22622,1237,6999,957230,103014,313341,19,17,2,55,286,313298,10614,60154,8261970,1589855,1728292,0,0,0,0,0,0,0,2174,0,0,71,6,2,12,328,30876,502,7867,1133620,42975,207190,24,20,2,31,291,37694,2140,10468,1414500,153008,291120,1,0,6044,37561,1347790,1,0,3897,13695,460669,0,0,1,2,593,0,0,285,2200,490293,0,433,3888,3644,2323590,321764,0,0,0,0,35142800,0,1,539,18565,27339,12644700,1406954,1,0,78,545,27096,0,0,1,0,25,0,0,0,0,0,0,0,148,605,54393,1,0,142,656,28191,0,0,7,11,0,1,716,5655,28802,15577200,1304486,1,0,20213,78695,2437492,2,0,8,54,1530,1,747,24136,55173,32561500,2614692,1,0,182,456,24638,0,0,0,2,1516,0,0,396,2887,0,1,1821,1453,4271,6682990,220089,0,0,0,0,67,1,0,12,78,2547,2,0,14,125,3431,2,905698,5,50,19246100,1275,0,0,0,0,0,0,0,0,0,5602040,0
12,IKAM1K4Z3,21055,6,48402,579,0,25,76,108,346,8,8,9,1,1515,54,34,189706,54,50,17,10921,72,899,-171683,122,2,73,529132,10674476,17,1,17,75431,2560492,1,23778,39279,38430,34259,22099,273,432880,1,14091400,616,90,1370700,2048,5152,99,0,3117,2,9474590,541,72,1049610,8,577009,388,5,89215,32,948106,565,7,100541,1454,0,6,28516,43,4055,14927,6866,140,17517,0,0,0,0,0,0,0,0,0,0,1952,5139,18730,64714200,6582480,153157257,84093504,0,32160000,218007365,13954700,2635680,218007365,135200,128061000,17459400,4515390,565,0,18312,14541600,53965,56477,45008700,184948,246250,114660,7600,81762,29632,18625,837,837,6120,75,0,0,256,0,1536854,8,2855,2046458,478428,26,52,0,4,108,1138,351,667,110101,4247,60831,14,16,1,49,221,8102,249,1468,243820,54211,66135,17,16,1,50,212,82450,2624,15449,2021460,477393,571002,53,7,1,12,0,392,8,109,729,3629,13,18,2,80,273,10713,410,2204,271273,80171,59465,23,0,1,65,181,2443,0,213,28645,10360,9464,15,8,1,28,163,1170,30,335,44865,7723,16470,20,17,3,77,409,234273,8268,46398,6048080,1140324,886533,0,0,0,0,0,0,0,578,0,0,64,7,1,7,240,4469,89,1226,209756,6898,52232,15,17,0,17,84,16074,681,3927,499948,104140,356267,2,0,830,7296,201108,2,0,657,3235,82953,0,0,0,1,1408,0,0,19,178,76907,1,929,1165,1237,906373,58479,0,0,0,0,6295060,0,1,636,979,1297,766631,72278,1,0,4,47,2328,0,0,4,17,2274,0,0,0,0,0,0,0,4,15,3461,1,0,9,15,736,0,0,2,3,0,2,998,42703,317318,112032000,6732098,2,0,4969,18960,436626,3,0,10850,136192,2136320,1,851,2185,5902,3038130,214002,0,0,4,26,3514,0,0,1,1,683,0,0,18,70,0,1,1853,197,652,802564,25974,0,0,0,17,4454,3,0,2751,32336,526188,3,0,140,2204,41612,3,8461,71,1272,3095740,21952,0,0,0,0,0,0,0,0,0,1124120,0
13,IXBlackTigerXl,43875,3,120011,1160,0,14,94,108,346,16,3,14,1,1932,54,42,265956,54,54,23,11246,82,1248,2147,12,1,17,51382,2365151,86,2,57,350503,7743739,1,36892,70481,65574,424589,35837,72,404032,1,117583000,1250,758,5641240,2048,2058950,581,102,212389,2,13141700,894,100,881776,8,5969080,674,57,531354,32,11899400,1018,88,701091,1103,0,8,12719,16,4320,11954,6926,140,3514,0,0,0,0,0,0,0,0,0,0,44663,88351,45629,100596000,7459400,177629930,77259800,0,32160000,278500071,19599800,17756300,278500071,262450,26977800,18356000,2733570,670,0,35025,13389000,27045,24134,52233600,250108,82450,509879,6112,146373,40128,13625,10647,10647,26602,42,0,0,35,0,201136,31,6757,468275,787304,38,38,1,6,290,12568,2190,5744,1369660,32324,283047,17,18,2,85,419,51659,1433,7755,1413230,287568,202128,17,18,2,85,336,212678,6156,32536,4787090,1215739,852875,42,8,2,28,0,17380,388,4351,41207,87471,7,22,2,199,402,93740,3080,13972,2500770,1241346,372484,72,0,13,85,2027,85276,0,18479,2795820,117936,82742,13,21,1,52,311,16252,897,4243,700508,116876,134803,16,20,3,121,484,1475007,45219,223597,35534100,8933452,4399344,0,0,0,0,0,0,0,1160,0,0,75,8,2,20,526,53318,801,9396,1788620,70944,203756,20,16,3,101,613,118249,3667,22513,3455770,572708,337785,1,0,1440,7529,311309,1,0,1228,4437,202590,0,0,0,0,1,0,0,18,171,33153,0,488,2168,2031,1421410,174614,0,0,0,0,4010000,0,0,605,4958,5719,3628840,359762,1,0,3,97,4001,0,0,0,0,8,0,0,0,0,0,0,0,12,40,5198,0,0,25,57,4353,0,0,1,1,0,1,759,2866,13662,6859670,541837,1,0,1916,7592,303993,0,0,0,0,0,1,681,2182,5759,3100040,272744,0,0,11,37,4669,0,0,0,0,13,0,0,533,1126,0,1,1773,359,1433,2039380,69000,0,0,0,0,0,0,0,0,1,109,0,0,0,0,0,0,0,0,0,3895490,0,0,0,0,0,0,0,0,0,0,2022960,0
14,JOELDIRTYGOLD,20582,33,152647,2846,0,12,77,108,195,9,1,15,0,1624,54,30,141208,54,52,9,14394,39,813,208,39,0,32,99833,6210984,60,1,37,155233,7233109,2,60995,48847,24066,119816,24538,56,255274,1,28365900,924,183,1841320,2048,250824,493,12,30525,2,44720500,981,341,2732760,8,1290500,569,12,135876,32,45598600,991,340,2758730,577,0,12,1168,13,4458,20007,9936,140,8993,87575,132589,1454610048,2380,5412,112860000,81962,81962,9931890,0,104558,6990,18636,57028800,4031700,204322124,62932400,0,32160100,261567613,24018400,5625050,261567613,202000,84095800,12793700,1613570,324,0,17370,19290800,31177,30971,107501000,275734,37900,28749,12150,8453,13120,625,18353,18353,3332,47,0,1,42,0,353295,13,24331,737323,1032332,18,27,0,4,119,752,99,359,103969,3994,52069,12,18,1,55,214,97924,3068,17032,2942270,761036,822968,12,17,1,51,201,321990,10512,58920,10098800,2598424,3004323,29,3,1,17,0,10781,85,2304,35953,124824,5,21,1,115,190,64193,2568,12166,2016240,1220842,634511,63,0,8,70,1512,36723,0,7120,1233630,57441,48925,12,14,0,16,92,1471,69,478,66385,11965,43197,11,18,1,59,204,118232,3933,21783,3627960,1051647,1063306,0,0,0,0,0,0,0,2846,0,0,38,8,1,16,346,10050,156,1933,543268,25924,94087,14,17,1,29,185,22232,1044,5937,962956,153180,311413,1,0,7749,42189,2122072,0,0,747,2428,172336,0,0,0,0,4,0,0,67,687,236725,0,268,897,767,862576,192802,0,0,0,0,3252650,0,0,226,422,419,513059,135689,0,0,17,110,10972,0,0,0,0,2,0,0,0,0,0,0,0,67,179,35417,0,0,92,409,25146,0,0,2,1,0,1,877,9128,38758,32468800,2219613,0,0,1194,3177,299270,1,0,7,61,2283,0,633,2417,7334,5616930,532207,0,0,62,172,16372,0,0,1,2,3053,0,0,14,94,0,0,1946,347,1138,2750500,84791,0,0,0,0,53,1,0,12,82,3291,1,0,12,119,4763,2,849055,8,95,36792400,2600,0,0,0,0,0,0,0,0,0,1838900,0
15,K1 B4RT0,28672,2,106827,4225,0,13,108,108,257,10,4,13,1,1927,54,37,192159,54,54,11,16455,74,857,1454,44,1,38,191703,7158623,55,2,33,238238,6362824,2,39023,68057,44586,35521,23423,135,431395,1,68861200,1223,444,3376480,2048,1404100,562,70,149663,2,26844100,844,204,1906300,8,7107620,652,68,653596,32,10311900,907,76,681708,1513,0,21,32666,24,4238,19637,12217,140,10154,0,0,0,0,0,0,0,0,0,0,16923,16834,24242,66754800,5449060,201272920,80631504,0,32160000,268337424,21785000,2360170,268337424,268600,86744000,23408900,3101130,573,0,6713,18765300,56265,55159,88663696,456605,38350,20403,7525,187077,18185,19625,40681,40681,13550,57,1,0,45,0,428480,154,12407,742005,984348,30,28,1,6,211,12233,2121,7446,1262960,39558,358491,20,16,1,49,275,115450,3451,21205,3167700,571145,690123,20,17,2,55,294,135886,4693,26681,3568610,666769,726408,36,6,1,8,0,9378,256,3700,25569,182581,13,18,2,81,381,39482,1743,9239,1405980,301797,221266,104,0,12,63,1740,29310,0,5723,770979,27974,26578,21,22,1,22,231,13131,918,4169,611630,60190,158734,21,17,3,70,439,587794,20505,117362,17019900,2714152,2326126,0,0,0,0,0,0,0,4220,0,0,83,7,2,11,493,36834,784,10354,1889400,44310,229562,23,15,2,36,281,64347,2482,15723,2149260,275139,458461,1,0,5307,24898,924997,1,0,362,1943,74463,0,0,0,0,91,0,0,285,1786,257650,0,319,1861,1792,1234140,231698,0,0,0,0,45008000,0,0,372,4751,7144,3272610,527515,0,0,62,270,22193,0,0,3,4,533,0,0,0,0,0,0,0,8,29,8871,0,0,30,65,6639,0,0,9,11,0,1,802,3433,21519,11962700,894964,2,0,24039,105695,3042202,1,0,15,115,5513,1,693,7417,23248,11443500,990461,0,0,268,504,50882,0,0,0,0,189,0,0,66,245,0,1,1846,243,1003,1486140,48295,0,0,0,3,209,1,0,11,80,3914,2,0,3,45,1176,2,3724450,1,8,11297500,182,0,0,0,0,0,0,0,0,0,1039360,0
16,Korpus Draige,25228,22,107406,463,0,6,46,108,297,6,4,18,1,1619,54,23,318055,54,48,18,16930,106,691,502,61,1,42,316901,10791976,38,1,25,200156,6398922,2,43216,56906,35047,44016,29671,124,517559,1,23101600,844,149,1641150,2048,44240,610,2,4350,2,62540500,808,477,4641640,8,73444,472,0,9335,32,78034,984,0,4757,389,0,3,11593,17,5619,18940,11311,140,7490,0,0,0,0,0,0,0,0,0,0,85,15466,25777,82157600,5480020,209163818,125490000,0,32160000,291370678,8090390,4128490,291370678,48700,123326000,44945900,2794840,579,0,10293,25270100,222618,226489,64311600,66112,2000,6060,6000,16677,35130,0,0,0,2970,19,0,0,24,0,59529,0,11765,300140,729564,34,31,1,4,172,169,34,109,18512,491,6442,18,19,1,42,189,119337,4548,23608,2904630,649550,920457,22,17,1,45,238,544357,17795,101014,12542200,2399263,3151843,28,16,2,9,0,35,5,31,123,814,18,16,1,51,180,413,12,72,7814,2217,2592,44,0,9,64,1056,10476,0,3334,384169,23620,21822,28,12,1,21,205,188,7,55,6438,670,1878,20,19,2,61,283,301779,11108,55927,6892590,1489824,1459216,0,0,0,0,0,0,0,463,0,0,70,14,1,5,348,95,4,27,8028,135,1382,24,16,2,39,269,16533,636,3751,461979,67108,102912,0,0,12,159,12639,1,0,46,96,5127,0,0,0,0,60,0,0,140,868,306319,0,484,9669,9843,5703180,707003,0,0,0,0,766260,0,1,724,207246,303361,115739000,9581640,1,0,1,8,370,0,0,0,0,0,0,0,0,0,0,0,0,8,54,8735,0,0,0,0,36,0,0,4,4,0,1,679,139,734,491986,43446,0,0,276,947,78805,0,0,0,0,22,1,569,238,812,426931,45009,0,0,0,0,10,0,0,0,0,7,0,0,0,0,0,0,1089,1,3,25633,1412,0,0,0,0,3,0,0,0,0,0,0,0,0,0,6,0,0,0,0,131291,0,0,0,0,0,0,0,0,0,0,42279,0
17,MAGNUM MU5TACHE,51888,11,131168,1639,0,11,98,108,281,14,3,16,1,2210,54,43,297352,54,54,14,20765,72,938,-224,20,1,21,101093,4608958,79,2,48,402176,10673374,1,52688,74987,71278,470373,40646,90,503045,1,124412000,1077,802,6929180,2048,893994,775,44,69138,2,26959600,785,205,2059300,8,5143350,627,49,491972,32,16065700,918,119,1049820,1175,0,136,12875,17,7493,23098,13272,140,7213,0,0,0,0,0,0,0,0,0,0,51483,66603,45243,115111000,8998960,225919944,102309000,0,32160000,341265023,30790400,14691400,341265023,224350,52445300,26281100,3128360,396,0,33659,21825100,46827,43944,59109600,2848810,94950,2572780,21837,500036,124696,1622340,28340,28340,35172,37,0,1,39,0,218783,40,15018,577491,868530,33,33,0,5,222,4860,823,2459,617663,14687,166219,16,15,2,68,339,100706,2839,17910,2960480,599878,522442,15,18,2,78,328,534968,16485,89024,14309200,3417337,2616232,33,7,2,17,0,6129,170,2137,18164,62624,8,21,2,157,433,87887,3220,14839,2904120,1051537,401800,37,0,7,76,1125,58704,0,14451,2303590,157317,122830,17,19,1,45,321,10821,489,2525,446831,62783,83515,15,18,2,88,389,1275865,40915,217704,34968300,7994117,5391009,0,0,0,0,0,0,0,1638,0,0,58,7,2,20,540,26150,370,5199,1172480,44769,130146,19,16,3,95,603,94607,3235,19266,3094540,490377,307752,1,0,1801,10936,460848,1,0,2559,8125,355519,0,0,0,0,107,0,0,76,790,179035,0,603,6741,6130,5280860,524766,0,0,0,0,3175990,0,1,594,9893,13251,7414940,748552,1,0,25,630,21283,0,0,0,7,564,0,0,0,0,0,0,0,4,39,8184,1,0,16,51,3007,0,0,2,2,0,1,772,4633,23765,12540300,973734,1,0,2155,7457,307146,1,0,8,73,2275,1,855,5107,17421,9439140,661854,0,0,69,209,14739,0,0,0,1,362,0,0,274,2205,0,1,1870,1065,4005,5022300,161082,0,0,0,2,162,1,0,1,12,563,0,0,0,2,186,2,648059,1,18,5670520,525,0,0,0,0,0,0,0,0,0,3901300,0
18,MATTEO 30mm,15121,9,78622,414,0,9,93,108,284,4,5,12,1,1759,54,40,214978,54,53,14,14749,99,774,-733,83,2,51,354112,10339563,17,0,22,73242,4402599,2,26921,36163,17978,29863,35046,184,426621,1,15907000,757,102,1260720,2048,1334910,418,66,191225,2,20969800,549,160,2289460,8,1880570,413,18,272782,32,6504340,562,48,694332,717,0,3,19529,22,4293,19099,10456,140,18363,36515,47286,1408130048,1328,3436,45156000,35000,35000,5056860,0,51487,3269,16661,69140200,4894100,188828620,94846600,0,32160000,258188977,30777400,3318100,258188977,193800,142232000,33040100,3283410,523,0,18402,20008800,100952,91701,51017300,344984,69500,28437,0,153947,110327,18625,8037,8037,14712,46,0,0,45,0,268194,87,10884,580503,762150,22,49,0,4,72,2192,524,1060,151609,9605,125163,12,21,0,31,97,45216,1669,7781,1146660,370338,704784,12,20,0,34,98,73119,2715,13098,1727160,595559,1050120,32,2,0,7,0,550,5,175,1695,13129,6,24,0,74,113,32196,1362,5632,786890,515647,417780,36,0,6,68,835,19218,0,4902,649129,53076,46622,14,18,0,19,107,7015,345,1882,269309,49346,150114,12,19,1,66,207,115690,4133,21152,2949030,942858,853638,0,0,0,0,0,0,0,413,0,0,51,8,1,9,155,15429,295,3412,467806,29827,179973,16,16,1,40,225,11216,479,2851,372510,66993,99126,1,0,1276,9842,536683,1,0,18879,30430,1223993,0,0,0,0,284,0,0,208,1156,290087,0,385,1728,1590,1455180,226674,0,0,0,0,23317900,0,0,498,4678,5319,3359360,404404,0,0,42,337,26589,1,0,6,33,1436,0,0,0,0,0,0,0,32,111,25523,0,0,65,161,16523,0,0,18,23,0,0,665,2447,12506,8816140,794387,1,0,11810,46166,1719778,2,0,17,248,7060,3,1031,44577,241199,80969800,4708087,0,0,159,467,49407,0,0,0,0,53,0,0,59,127,0,0,1454,432,1152,2791880,115154,0,0,0,1,78,2,0,10,289,7909,2,0,25,615,16535,2,21755,31,659,6439360,17759,0,0,0,0,0,0,0,0,0,15082600,0
19,MBS SULLY,45436,2,211330,397,0,9,44,108,155,14,1,12,0,1128,54,22,226397,54,31,16,13812,73,546,1728,1,0,1,4738,413587,98,1,64,386991,16731693,1,27095,96372,57605,5484,63785,46,393457,1,2311180,535,14,259098,2048,225,49,0,272,2,4163380,376,31,662661,8,180018,259,1,41633,32,157014000,617,1171,15250700,272,0,0,6574,16,4760,18652,9052,140,4,0,0,0,0,0,0,0,0,0,0,626001,339,49303,71593904,6968310,165791343,67718704,0,32160000,237527249,11490900,14465400,237527249,142000,2122540,31957100,3097790,365,0,88049,26059300,8658,7637,64424000,38287,138700,1545,0,58361,0,0,0,0,162,31,1,1,34,0,841610,1837,109198,2668329,4667841,23,33,0,4,54,540,61,184,28008,2318,30880,8,22,0,59,100,17710,560,2536,367334,218284,219616,7,24,1,113,175,91510,3117,12525,1843430,1190188,628833,19,3,1,56,0,14596,62,1754,75853,80397,5,25,1,178,205,1338884,47110,187411,28263200,24558772,8239664,100,0,5,89,729,262039,0,15299,2120220,260955,174364,13,15,0,20,96,11916,458,2905,409904,87107,254389,8,23,1,99,173,28033,885,3830,550255,314764,189764,0,0,0,0,0,0,0,395,0,0,31,6,1,39,178,444789,3084,48623,6413180,1409437,2151836,14,13,1,39,201,9313,324,2331,316502,62360,94109,0,0,190,978,109904,0,0,94,221,35638,0,0,0,0,0,0,0,9,121,34038,0,0,0,0,0,0,0,0,0,0,9910,0,0,0,0,0,0,0,0,0,13,208,16959,0,0,0,0,0,0,0,0,0,0,0,0,4,19,6310,0,0,1,3,1012,0,0,0,0,0,0,380,505,1286,1001520,157934,0,0,3,3,2243,0,0,0,0,0,0,335,4,8,4889,874,0,0,11,26,4767,0,0,0,0,0,0,0,436,1556,0,0,874,33,103,231866,15912,0,0,0,0,0,0,0,0,0,0,0,0,0,0,0,0,0,0,0,686179,0,0,0,0,0,0,0,0,0,0,188178,0
20,MT yDEMO FATAL,62044,3,254236,1540,0,17,70,108,300,11,2,24,2,1283,54,30,224587,54,49,22,10103,49,785,9238,0,0,2,2470,397617,98,2,69,590036,11880180,1,21594,86057,66795,204283,55009,149,601744,1,146071008,824,942,10635300,2048,47535,537,2,5306,2,2269860,441,17,308394,8,1601640,249,15,384708,32,3862620,569,28,406989,742,0,5,37858,101,4317,14118,5786,140,591,121270,213176,1491580032,2801,3140,110266000,214205,214205,8888670,0,14676,7873,61604,67833600,7431310,155599683,85610096,0,32160000,223592513,13803300,6369230,223592513,156750,1747020,14000900,2483430,438,0,30485,17081500,7109,6455,42116600,29460,178400,53106,1500,284995,2925,17000,3125,3125,6230,69,0,3,13,0,457306,1049,151582,660800,2890966,24,23,0,4,250,3396,444,1921,846933,13646,202778,11,15,1,61,184,23413,617,4071,600419,199527,195032,12,16,0,41,120,13853,432,2631,332669,113205,165463,29,6,2,18,0,20745,500,7931,69468,225100,4,19,1,229,242,51031,1506,7742,1307940,1238354,323890,74,0,14,65,1844,168006,0,51133,6323880,224181,205676,13,16,1,27,179,2849,136,840,141050,21874,47077,15,17,2,91,372,1569540,57113,325931,41910700,10255186,6753135,0,0,0,0,0,0,0,1538,0,0,43,10,1,12,211,48381,986,9852,1807000,110463,513836,17,15,4,103,531,106659,3934,24864,3163540,618010,357227,0,0,58,307,34725,0,0,40,64,12902,0,0,0,0,0,0,0,5,53,46462,0,167,21,16,78875,28338,0,0,0,0,135448,0,0,163,27,18,76162,28031,0,0,0,65,5035,0,0,0,0,0,0,0,0,0,0,0,0,0,2,1093,0,0,2,3,596,0,0,0,0,0,0,342,287,946,724114,126834,0,0,31,78,37420,0,0,1,27,2011,0,392,152,626,340815,52165,0,0,1,1,355,0,0,0,0,182,0,0,27,81,0,0,757,32,78,123660,9796,0,0,0,0,100,0,0,4,29,2306,0,0,0,0,0,0,306656,0,0,229992,45,0,0,0,0,0,0,0,0,0,37954,0
21,MajiN BuU XVIII,50312,4,193664,2601,0,21,73,108,465,11,2,22,2,1692,54,33,210886,54,47,22,9313,56,1335,10255,4,1,11,23565,1376042,93,4,51,475472,6053992,1,25306,55535,57153,158244,43849,82,509292,1,140459008,1765,906,4773500,2048,100,51,0,116,2,12081900,877,92,825768,8,2772020,977,26,170213,32,7845740,1506,58,312537,1998,0,2,20090,280,3775,11914,5538,140,1916,0,0,0,0,0,0,0,0,0,0,8095,7268,56116,83282304,8000200,175672068,90263504,0,32160000,259205249,27310600,5552550,259205249,250850,12513300,10961700,2305800,559,0,20214,11644900,14702,14320,43328800,72281,25750,390724,0,73715,28946,1250,4873,4873,4480,78,1,3,16,0,283212,909,67649,358962,1298935,33,22,1,8,333,6228,952,4177,738340,18412,132944,18,16,3,119,548,83355,2290,14158,2103520,458122,230228,18,17,4,119,647,312262,10506,60934,9159410,1694631,849166,39,4,3,36,0,9426,94,2054,23824,39251,12,17,3,159,628,71232,2515,14001,2238150,566924,213506,94,0,20,70,3042,196259,0,60540,9044000,208481,178352,21,16,3,51,510,5680,297,1812,264263,26822,31039,19,17,4,123,730,970921,33006,190428,29907400,5045669,2454843,0,0,0,0,0,0,0,2600,0,0,102,6,5,19,906,139450,2579,39400,6388880,136069,423031,20,21,5,110,775,75903,3766,17719,2618690,374550,202697,0,0,1156,3040,188641,1,0,111,280,16191,0,0,0,0,0,0,0,24,129,50980,0,355,612,572,444330,74928,0,0,0,0,1266860,0,0,448,700,814,616674,82423,1,0,32,138,7979,0,0,0,0,0,0,0,0,0,0,0,0,10,51,4311,0,0,3,3,467,0,0,1,1,0,0,437,436,1359,747589,102515,0,0,700,2155,147331,0,0,0,0,0,1,700,4828,12991,6701410,574289,0,0,20,38,2936,0,0,0,0,0,0,0,8,92,0,0,1336,311,825,1182500,53080,0,0,0,0,0,0,0,0,0,0,0,0,0,0,0,0,0,0,0,1407890,0,0,0,0,0,0,0,0,0,0,146074,0
22,NationalSalmon,31482,3,198622,2927,0,12,93,108,198,9,1,28,1,1702,54,38,129631,54,53,5,25134,29,701,-3966,21,1,17,70304,3218500,79,1,59,262962,11177709,1,5888,7180,31251,18152,16831,47,329300,1,41843500,851,269,2949090,2048,275587,195,13,84495,2,35254700,615,269,3434910,8,42437100,720,408,3536000,32,23814300,612,177,2332460,1196,0,1585,2447,11,8554,26148,16580,140,16582,0,0,0,0,0,0,0,0,0,0,30212,31210,13918,53104500,4470790,165925687,61902800,0,32160000,219279266,37627100,3385920,219279266,213450,22300500,9174760,1141440,360,0,8634,18753200,40239,38726,8828940,48621300,8000,56618,54825,599829,775,3625,10426,10426,10742,30,0,1,32,0,280149,150,46915,915033,1705238,27,13,1,4,159,34838,3869,29183,4301040,126962,1616732,8,18,1,40,176,7210,363,2010,351090,81594,119641,9,17,1,47,187,113391,5860,32661,4759660,1198343,1525641,18,3,0,8,0,666,11,353,3623,26536,6,19,1,53,181,63160,4280,21694,3188600,939044,1054428,39,0,5,64,746,55597,0,12029,1631620,139897,131103,15,14,1,16,176,61285,4128,28229,4089760,393295,1392674,10,16,1,46,230,152706,8196,50318,7374880,1480186,1917798,0,0,0,0,0,0,0,2926,0,0,30,4,1,12,242,48123,703,14948,3061880,158975,756413,27,9,1,12,142,52995,2147,21695,2216130,195118,931456,1,0,1529,11700,525200,0,0,581,1730,114876,0,0,0,0,474,0,0,192,3998,517160,0,191,227,227,359418,112395,0,0,0,0,1265110,0,0,269,1561,1833,1636840,363898,0,0,94,614,36880,1,0,1,8,374,0,0,0,0,0,0,0,79,417,63639,0,0,35,78,10076,0,0,2,1,0,1,601,4558,17499,8849020,882808,0,0,342,1967,181380,1,0,7,25,1002,0,547,435,1859,1342120,146977,0,0,13,37,3005,0,0,0,0,478,0,0,4619,18845,0,1,638,361,4051,2165990,203639,0,0,0,28,1802,1,0,10,60,2964,1,0,4,12,548,1,234531,5,32,5878930,1504,0,0,0,0,0,0,0,0,0,803046,0
23,Oculus Mortis I,62211,31,286343,3699,0,11,102,108,251,15,2,27,1,1735,54,41,267521,54,54,11,23219,42,934,7843,6,1,7,38648,2113679,92,2,50,553638,13619141,2,54955,69814,91843,13933,29007,70,600129,1,18467400,1171,119,945952,2048,237840,417,11,34166,2,14193700,1108,108,768102,8,13190800,440,126,1796910,32,254068992,1486,1896,10252200,1232,0,767,9968,14,5997,25131,17222,140,8363,145525,236131,1453430016,3920,8544,135136000,61046,61046,11273600,0,172173,680,29346,97739904,12470900,319047532,112407000,0,32160000,417069115,58095600,5127010,417069115,241950,18888800,18760300,2210970,665,1,15846,26767800,27043,27210,113311000,15922400,333250,4855,60337,83813,48995,4500,67663,67663,62820,54,2,2,65,0,369950,545,23398,676493,616645,40,25,0,3,153,23316,4488,17502,2870440,58092,1120794,12,15,1,48,344,32839,1442,9545,1835180,256224,319889,14,14,1,33,183,24692,1210,8175,964200,173990,314745,35,5,1,11,0,12403,324,5585,34929,177737,9,16,2,89,476,1308645,71094,419130,72661296,13676742,9145855,59,0,15,63,2598,34061,0,13809,2310460,56836,53339,25,19,1,10,143,16444,1238,6506,882512,64758,369142,13,13,2,51,363,77558,3337,24394,3909050,556947,644856,0,0,0,0,0,0,0,3696,0,0,52,7,1,10,452,18767,439,6074,1506350,36011,199821,26,38,1,11,236,32907,5802,15057,2505280,124758,634904,1,0,1235,7590,306837,1,0,1063,3707,141471,0,0,0,1,595,0,0,119,1969,224488,0,237,96,97,188426,47702,0,0,0,0,2314130,0,0,253,186,292,208910,49392,1,0,115,635,34633,0,0,1,15,1327,0,0,0,0,0,0,0,61,571,37844,0,0,66,143,10444,0,0,1,1,0,1,677,2340,9907,5523380,489240,0,0,1083,3454,247268,1,0,34,200,6140,0,581,1143,4740,3504440,361354,0,0,44,147,10770,0,0,1,6,1656,0,0,316,1572,0,1,1374,215,1272,1279110,55819,1,0,0,64,2693,1,0,24,145,4432,2,0,35,395,11641,1,19351,60,383,4212720,13062,0,0,0,0,0,0,0,0,0,1657680,0
24,RJ MARBUS,17348,6,208041,2893,0,9,88,108,227,18,1,22,0,1594,54,38,136495,54,52,10,13424,34,752,3059,6,0,13,14312,2502122,92,1,50,201836,9175539,1,36309,22068,40899,27074,18126,52,219207,1,3052560,448,19,408038,2048,320301,374,16,51336,2,3238040,368,24,527128,8,154008000,1038,1480,8897250,32,3318400,497,24,400375,3351,0,24,2447,45,4836,16091,8588,140,1742,0,0,0,0,0,0,0,0,0,0,13081,5424,17557,58856000,4401810,171151851,69686496,0,32160000,230198481,17955900,6810040,230198481,189200,7214550,10557400,959979,349,0,15274,18345000,15119,14024,70549800,283882,16200,66684,11912,88097,1610,6500,12876,12876,4230,27,0,1,20,0,64836,24,15656,233020,671017,18,58,0,8,114,87489,22776,39235,6630010,483392,3466540,7,15,0,51,79,14954,444,2808,311821,202158,235203,8,17,1,89,310,346365,11130,62784,13449700,3876890,2598794,22,5,0,13,0,4828,71,1293,21606,95626,4,18,1,165,137,32925,1088,6002,666511,803890,291439,59,0,10,68,2154,117810,0,31220,6237820,199467,173748,9,15,1,38,144,16188,679,4396,611525,163615,254245,7,16,1,81,119,28726,886,5245,576975,392839,288878,0,0,0,0,0,0,0,2893,0,0,39,7,1,16,236,61556,1093,14760,2202000,157258,557914,10,14,1,77,280,73178,2305,15541,2531780,700658,541772,0,0,587,2053,202211,0,0,898,1425,186797,0,0,0,0,432,0,0,114,1294,685947,0,120,284,211,242936,120983,0,0,0,0,1717150,0,0,122,160,197,174485,85226,0,0,37,497,34577,0,0,2,6,498,0,0,0,0,0,0,0,9,60,34895,0,0,13,30,6613,0,0,2,2,0,0,300,1129,2436,1491650,297483,0,0,1118,2124,410881,0,0,2,4,267,0,285,972,1812,1240780,260641,0,0,216,618,68790,0,0,0,0,363,0,0,63,417,0,0,693,177,419,502957,43508,0,0,0,3,331,0,0,0,0,3,0,0,0,0,34,0,497104,0,0,1077060,130,0,0,0,0,0,0,0,0,0,767518,0
25,SK1RON1N,15201,1,120548,594,0,15,64,108,152,5,2,11,0,1796,54,29,197535,54,42,10,19340,32,467,-387,63,0,41,204922,13156322,36,0,25,118740,7967765,3,48804,59642,18172,81799,35305,109,323275,1,19153500,704,123,1632340,2048,80,10,0,440,2,33028900,467,252,4243170,8,371245,262,3,84698,32,19871000,574,148,2076130,593,0,1,4392,22,4285,24379,15055,140,12444,0,0,0,0,0,0,0,0,0,0,39393,15763,15517,54987300,3169400,192944725,81023800,0,32160000,248025126,22740100,4713830,248025126,89750,120520000,17331800,2762310,460,0,12498,31818000,117439,111220,80048600,66555,0,1705,0,1740,147875,0,0,0,1260,56,0,0,38,0,625058,46,16135,1112039,1749396,31,36,0,4,82,1568,224,607,95140,4909,68983,13,15,0,23,55,3389,82,538,57327,24235,62438,15,17,0,30,90,159022,4624,26261,3076920,1033466,2030099,23,6,0,10,0,1185,17,281,5074,28052,9,19,1,83,163,143995,4474,23105,2991020,1532162,1100596,44,0,7,81,905,20232,0,4037,509614,45698,33771,23,17,0,11,80,56488,2454,14421,1709580,241917,1278009,13,17,1,54,151,78918,2216,12669,1654300,597835,653682,0,0,0,0,0,0,0,594,0,0,62,7,1,14,167,89764,1017,14129,1708510,143460,613370,17,15,1,24,119,24219,926,5963,698214,142028,349369,0,0,4149,17134,1225657,0,0,10395,11369,1255721,0,0,0,0,56,0,0,79,531,216547,0,230,149,153,218879,56868,0,0,0,0,10729600,0,0,220,79,68,134689,36665,1,0,30,857,42060,0,0,0,0,0,0,0,0,0,0,0,0,27,105,42251,0,0,26,66,11016,0,0,17,23,0,0,583,10154,27922,21566000,2216676,1,0,8657,21439,1282516,0,0,12,45,3063,1,611,66999,121516,66693700,6548860,0,0,130,297,27663,0,0,0,0,40,0,0,91,642,0,0,1195,356,1038,1542270,77419,0,0,0,0,0,1,0,5,16,951,1,0,2,42,1560,1,243171,4,53,11254800,2777,0,0,0,0,0,0,0,0,0,8380420,0
26,Stream0,20810,2,113451,1538,0,8,97,108,214,8,3,18,0,1889,54,36,180096,54,53,10,17098,58,640,-309,44,1,36,155387,8442190,55,1,34,193121,7981659,2,45062,55792,30181,25472,30196,88,348199,1,32658900,881,210,2222000,2048,501389,415,25,72365,2,35613200,719,271,2968770,8,8040240,643,77,749760,32,28373700,728,211,2338400,1868,0,8,4716,16,4461,19661,12637,140,3444,102374,310265,1519640064,3575,11603,224860000,200896,200896,18212100,0,29656,7045,19678,62346700,4281890,187570829,83808400,0,32160000,250188452,20785800,2854840,250188452,225900,82383400,22720200,1854200,313,0,13310,23435200,86259,84245,73420400,171211,12400,2243,5237,25427,9633,3125,9455,9455,16187,37,0,1,16,0,136235,57,22738,364868,1351017,28,39,0,5,145,9943,2011,5132,1017880,35335,420310,14,15,1,52,191,80848,2343,14654,2019900,549783,632345,14,17,1,54,202,293128,9209,53371,7554770,2018760,2234988,46,4,1,6,0,10449,219,4423,22585,201465,10,20,1,66,187,43109,1586,7853,1119380,397379,358140,59,0,5,67,737,22126,0,3022,409193,37312,33306,16,17,0,19,122,17299,859,4997,662684,104801,324917,15,18,1,61,264,285665,9947,55260,7775660,1803322,1761216,0,0,0,0,0,0,0,1538,0,0,50,5,1,13,248,41958,529,9248,1498200,82854,362156,18,15,2,47,303,43993,1691,10885,1524120,238215,301799,1,0,5531,25640,1083420,1,0,2180,5853,325740,0,0,0,0,0,0,0,249,1073,335491,0,389,7901,7211,5326210,819774,0,0,0,0,4571520,0,1,598,33499,49894,24595500,2463751,0,0,138,340,24756,0,0,0,0,0,0,0,0,0,0,0,0,91,286,53616,1,0,112,664,37253,0,0,13,16,0,1,663,5495,19974,11110000,1005092,0,0,2321,6610,491318,0,0,0,0,0,1,737,10805,26525,16853700,1370468,0,0,455,1183,80510,0,0,0,0,0,0,0,468,2611,0,1,1531,907,2834,4210850,164945,0,0,0,0,0,0,0,0,0,0,0,0,0,0,0,0,0,0,0,12379100,0,0,0,0,0,0,0,0,0,0,3336490,0
27,TEX125,17463,4,121845,1067,0,10,94,108,230,14,2,18,1,1865,54,38,136130,54,53,11,11622,55,902,-417,29,1,30,75094,4350347,70,1,46,176982,6655517,2,54958,55056,35425,48011,18698,72,251659,1,31028300,1034,200,1799510,2048,2188940,370,109,354792,2,29033700,976,221,1784000,8,22361900,840,215,1595400,32,27342700,921,204,1780280,848,0,50,1913,10,3198,12494,8424,140,3794,0,0,0,0,0,0,0,0,0,0,29295,13469,14648,52976400,3871470,161199940,54747700,0,32160000,214473600,20313800,3148060,214473600,255800,49244400,13144600,1350250,450,3,12567,14254900,37580,35323,75846000,1154950,5300,129214,15550,32215,0,8250,3120,3120,3315,26,0,1,21,0,67762,40,13202,251140,686586,35,30,1,5,155,17054,2694,8876,1357700,48681,523185,17,20,1,56,256,74286,2604,12573,1902000,422305,445574,18,21,1,56,265,252342,8983,42597,6395620,1357308,1445103,40,5,1,7,0,3449,62,1115,8512,66346,13,22,1,60,247,165801,6997,30703,4871330,1199003,1181952,14,0,2,67,373,6269,0,1689,244845,44319,39375,24,20,1,18,192,15815,988,4713,683263,64928,213065,18,20,1,50,265,214873,7945,38312,6195390,1175736,1398951,0,0,0,0,0,0,0,1067,0,0,53,12,1,7,207,25455,1161,9305,1294040,47573,374875,26,17,2,37,400,47048,2205,12823,1871580,176123,280405,1,0,3255,17805,706494,1,0,1010,3460,152747,0,0,0,0,42,0,0,170,1534,486171,0,429,2562,2202,2286730,319653,0,0,0,0,5514690,0,0,517,5442,7940,5115130,593617,0,0,109,290,20059,0,0,0,0,0,0,0,0,0,0,0,0,143,520,96852,0,0,73,180,11091,0,0,3,3,0,1,925,5512,20345,15545800,1007845,1,0,2831,8889,440733,0,0,0,0,0,1,679,1808,4713,3052040,269408,0,0,76,200,12787,0,0,0,0,524,0,0,267,1731,0,1,1600,625,1900,3017960,113106,0,0,0,0,12,2,0,0,13,390,1,0,1,17,702,0,0,0,0,12519300,0,0,0,0,0,0,0,0,0,0,2192790,0
28,TastefulClover8,28752,3,177857,3956,0,15,97,108,203,14,1,19,1,1628,54,38,128005,54,53,7,16986,34,914,261,10,1,9,26101,1299321,89,1,51,223842,7139625,2,2535,1963,36016,12998,22660,40,250204,1,26279300,1231,169,1280040,2048,448801,407,22,66141,2,26036900,1032,198,1513440,8,72133200,1145,693,3779650,32,17655800,1131,131,936600,541,0,2154,1901,11,4547,18054,12439,140,25906,0,0,0,0,0,0,0,0,0,0,15487,20004,21719,56186200,4150660,156293401,47330000,0,32160000,212757107,35118800,5527300,212757107,272200,13739400,8079300,1270500,417,0,10824,13958200,13611,13522,1746400,61299000,3500,10438,19700,132495,82587,2625,279448,279448,94112,13,1,1,59,0,95629,203,16494,694756,698516,35,33,0,4,149,5658,1141,3389,555766,15784,223000,16,18,1,54,285,160137,5674,30947,4985860,953014,1046919,17,17,1,55,302,533586,17791,103735,16185500,2994389,3209025,48,6,1,8,0,481,8,123,996,7135,14,21,1,56,351,37749,1687,7785,1666720,266805,284250,68,0,6,67,918,18169,0,2380,362689,26517,23680,24,18,1,19,219,18376,1077,5732,839083,75120,228958,17,17,1,48,290,121652,4280,24709,4053940,680496,837008,0,0,0,0,0,0,0,3946,0,0,74,7,2,10,356,40515,812,10532,1826360,54021,307304,22,15,3,53,452,55904,2136,14070,2066340,244807,273803,1,0,292,7317,269595,0,0,48,93,9583,0,0,0,0,86,0,0,71,2325,297013,0,253,48,50,105309,24945,0,0,0,0,139991,0,0,298,9,11,49711,9980,0,0,98,207,16948,0,0,0,0,16,0,0,0,0,0,0,0,46,494,46613,0,0,12,31,2814,0,0,0,0,0,1,914,765,12006,7058610,463236,0,0,0,2,19877,0,0,0,0,1,1,1010,201,1226,876245,52045,0,0,2,8,763,0,0,0,0,2,0,0,185,1109,0,0,782,63,856,1049640,80498,0,0,0,0,53,1,0,0,9,329,0,0,0,0,0,2,1322085,0,7,4406950,200,0,0,0,0,0,0,0,0,0,52977,0
29,XENOCIDER XIII,13122,2,198874,11281,0,12,97,108,143,6,1,10,0,1409,54,37,165813,54,48,8,19253,40,531,1343,65,1,32,177168,9256524,33,0,25,91475,7314673,1,99509,49446,17139,12764,19746,62,269986,1,17197100,814,110,1266130,2048,2399040,319,119,450632,2,18898900,673,144,1683610,8,29203800,506,280,3456580,32,15067200,768,112,1175890,1532,0,3,2480,21,8992,20269,10261,140,4101,0,0,0,0,0,0,0,0,0,0,10922,4075,15510,47793900,3150860,203452040,67797000,0,32160000,251502399,10331600,2207860,251502399,218800,120686000,19381300,2483500,422,0,14625,28387100,57599,57744,117937000,184943,89350,310068,500,3850,27405,0,48712,48712,11765,35,1,0,28,0,121417,97,8055,342780,725322,23,62,0,4,52,17764,3888,6237,975058,76515,1106886,10,20,0,45,97,73691,2034,10005,1454060,672726,890965,11,19,0,38,93,68208,1879,9430,1384270,568486,890640,32,5,0,10,0,7137,76,1436,22045,127014,8,21,0,51,92,59370,1931,9111,1208940,671562,786939,56,0,3,79,442,32044,0,2328,318786,57162,43229,19,14,0,11,73,23550,786,5322,744745,119008,605088,11,20,0,41,104,72947,2197,10878,1587060,634292,909769,0,0,0,0,0,0,0,11280,0,0,59,7,0,6,135,29729,471,6069,1081200,49688,479086,23,15,0,19,123,58277,1795,11321,1546020,248437,749478,0,0,1443,5513,392157,0,0,1095,2652,261766,0,0,0,0,54,0,0,96,791,551141,0,190,27,25,52998,16687,0,0,0,0,98146,0,0,316,2,2,7311,1386,0,0,302,560,36580,0,0,4,6,934,0,0,0,0,0,0,0,204,755,145338,0,0,97,615,38490,0,0,3,6,0,0,692,2243,5941,7105160,616048,0,0,16,5,11043,0,0,0,0,7,0,453,67,194,182997,24217,0,0,203,487,51735,0,0,0,0,67,0,0,292,147,0,1,1829,20901,79999,106270000,3484933,0,0,0,0,82,0,0,0,0,34,1,0,0,1,44,0,732671,0,2,4518140,370,0,0,0,0,0,0,0,0,0,2451600,0
30,Yakuza 1989pl,23440,4,69778,181,0,29,45,108,227,5,6,8,1,1805,54,23,228319,54,38,15,14799,47,680,360,72,1,53,311060,11413497,27,1,17,115289,3807406,2,65882,78188,24400,800,36621,121,426709,1,34752800,767,224,2716090,2048,295,34,0,518,2,13160700,721,100,1093690,8,72175,222,0,19448,32,46682,386,0,7240,723,0,10,8366,16,4533,16702,10266,140,20110,0,0,0,0,0,0,0,0,0,0,257,14463,25635,57505100,4481060,182745644,80318096,0,32160000,240287979,17194200,2980010,240287979,37400,134712992,16607200,4851830,587,0,20960,21196400,81066,82188,76717000,102830,1200,4582,0,3382,0,0,0,0,0,79,0,1,200,0,1724511,129,20024,2182315,654314,29,35,0,3,49,238,26,73,10218,797,12413,14,22,0,31,97,1152,47,213,23753,7735,14600,18,16,1,44,172,159123,4794,29248,3392890,870243,1178294,25,0,0,2,0,3,0,3,12,321,9,15,1,57,115,538,15,98,11105,5534,5777,76,0,16,67,1857,15762,0,5025,565882,20577,18279,23,6,0,10,85,40,1,15,1399,172,977,16,17,1,59,221,310781,10159,58087,6910130,1849517,1876021,0,0,0,0,0,0,0,181,0,0,47,9,1,11,666,54,1,11,6749,114,608,20,14,3,69,354,10922,337,2311,270988,52676,45802,1,0,16975,114164,3553578,1,0,22428,53818,2035186,0,0,0,0,0,0,0,17,201,73477,0,390,2,0,15234,2339,0,0,0,0,3482460,0,0,340,8,6,16423,2896,1,0,5,232,7851,0,0,0,0,0,0,0,0,0,0,0,0,2,30,5908,1,0,12,100,5127,0,0,3,5,0,1,643,18033,59516,29242000,2726961,1,0,1782,9187,424247,0,0,0,0,0,1,733,5586,24191,9103210,744835,0,0,22,79,5622,0,0,0,0,0,0,0,0,0,0,1,1826,6820,23236,25583800,840650,0,0,0,0,0,0,0,0,0,0,0,0,0,0,0,3,4348136,3,39,44568400,615,0,0,0,0,0,0,0,0,0,22701300,0
31,adi1936,19082,6,74532,187,0,8,63,108,73,12,1,12,0,1659,54,29,251559,54,48,20,12050,33,919,9262,3,0,2,4934,626563,89,1,27,120355,6614815,2,17072,28284,16828,132027,20709,67,134551,1,26264300,711,169,2213480,2048,231011008,1213,11550,11424200,2,13225700,679,100,1167360,8,12979300,817,124,952444,32,28987100,670,216,2592960,253,0,2,1332,15,3935,13260,8115,140,6599,0,0,0,0,0,0,0,0,0,0,187016,20777,21814,55969100,2733850,318267598,29928900,0,32160000,374438699,23535000,9986380,374438699,202000,5800190,13568500,1099080,494,0,27528,24435200,4417,4363,56915700,71260,950,34387,3237,3637,7470,0,31,31,2180,19,0,1,46,0,168963,186,21965,886378,1142666,17,53,0,4,59,214,40,75,16279,1212,16526,7,18,0,106,184,68277,1442,7930,1558860,903908,506957,7,21,1,140,203,222555,4945,23490,4529270,3127076,1332258,24,4,1,65,0,56978,239,5755,231539,212338,3,24,0,181,163,148932,4544,18859,3360490,3730328,1236242,43,0,4,95,808,55189,0,6018,1063660,126172,78959,7,11,1,74,191,4020,86,748,130578,51071,40932,6,20,0,119,176,160805,3874,19269,3667900,2478643,1247107,0,0,0,0,0,0,0,187,0,0,23,5,1,45,295,127636,787,13157,3484930,531832,708748,13,15,1,101,301,21139,436,2900,462892,156332,91989,0,0,147,1039,127443,0,0,215,286,48347,0,0,0,0,0,0,0,2,25,24790,0,169,12,15,19228,6803,0,0,0,0,108854,0,0,497,2,0,3632,438,1,0,0,28,1312,0,0,0,0,0,0,0,0,0,0,0,0,1,1,1100,0,0,2,8,1266,0,0,0,0,0,0,683,666,2372,4118660,361369,0,0,19,45,18904,0,0,0,0,0,0,395,52,136,126049,19129,0,0,0,5,1198,0,0,0,0,234,0,0,355,917,0,0,673,7,16,75257,6701,0,0,0,0,0,0,0,0,0,0,0,0,0,0,0,0,0,0,0,1112910,0,0,0,0,0,0,0,0,0,0,235601,0
32,andy0fCov,24059,3,109444,444,0,22,59,108,202,11,2,12,1,1796,54,26,180038,54,41,13,13401,37,877,300,34,1,29,109026,5461601,65,1,46,210281,8667635,1,73577,68011,35465,91621,29850,74,319607,1,79586400,1012,513,4716610,2048,25,5,0,286,2,53445800,850,407,3771180,8,1046900,734,10,85467,32,1084570,857,8,75905,486,0,0,2725,12,4842,16234,8559,140,45045,0,0,0,0,0,0,0,0,0,0,2024,40629,21076,59680200,4386980,209896191,62386600,0,32160100,269741539,29641500,6020560,269741539,164450,74732496,11639000,2592530,471,0,12309,18449700,35664,31002,106831000,5090,1900,2687,9000,3250,40,0,6180,6180,23417,30,0,0,100,0,484706,1,11220,1578445,938370,35,38,0,3,93,514,79,204,38219,1466,24551,20,15,1,41,201,102426,2639,17079,2461340,510910,734698,19,16,1,42,202,321105,8564,53296,7754700,1620507,2293632,22,7,0,8,0,274,8,106,1233,8468,13,19,1,66,233,7321,249,1293,195652,55516,50197,27,0,4,71,551,12809,0,2590,354870,45842,38637,21,11,1,17,149,4215,127,1141,164815,19283,66182,18,16,1,46,232,636145,19558,115463,16766000,3351351,4323200,0,0,0,0,0,0,0,444,0,0,87,10,1,10,271,962,16,150,28867,1103,6376,21,14,2,52,340,34678,1092,7292,1039240,160292,183124,1,0,7263,48228,2045682,1,0,1474,5286,213753,4,0,1,2,27,0,0,69,409,295108,0,83,4,2,5855,4209,0,0,0,0,1052210,0,0,87,4,5,10262,7022,1,0,64,113,6243,0,0,0,2,186,0,0,0,0,0,0,0,118,331,71019,0,0,19,78,5265,0,0,1,1,0,1,843,9369,50139,35042200,2493946,0,0,9,9,109961,1,0,8,61,3442,1,895,498,2675,1450580,97193,0,0,129,262,16561,0,0,0,1,86,0,0,8,22,0,0,2005,125,529,1191570,35641,0,0,0,0,83,1,0,10,60,2852,1,0,11,81,2809,1,521771,6,109,33341200,3834,0,0,0,0,0,0,0,0,0,2638670,0
33,binho0722,25267,2,149457,4042,0,13,71,108,212,10,2,17,1,1627,54,29,164274,54,50,11,14249,49,854,383,35,1,33,114638,5563901,63,1,44,203645,7273221,1,69826,66312,34852,7128,27694,64,318666,1,4498700,583,29,462210,2048,287584,272,14,63333,2,93974800,960,717,5872200,8,5857180,766,56,458307,32,5477250,1003,40,327409,264,0,11,4489,17,5639,16042,8610,140,11240,0,0,0,0,0,0,0,0,0,0,3687,1866,21071,49681000,3859640,184871610,58250600,0,32160000,234697369,17136400,3067950,234697369,133550,74776096,13538400,1843230,436,0,12875,16486000,33300,30639,101674000,175817,31900,4510,0,41693,3140,1500,4730,4730,3310,33,0,1,47,0,223281,2,17059,663829,842336,27,33,0,2,51,684,103,312,50353,2481,59013,18,16,1,38,190,301748,8979,55141,8144420,1639493,2571620,15,17,1,68,252,565188,18696,105459,13418600,3619093,3192117,25,5,0,7,0,969,13,247,3803,31987,6,16,0,58,84,1911,55,339,39392,27354,28033,34,0,6,67,824,17810,0,5114,630770,51882,45888,15,18,0,15,96,331,20,109,13509,2178,8371,13,18,0,38,120,27278,910,4954,639408,203346,318434,0,0,0,0,0,0,0,4042,0,0,67,9,1,11,313,2654,50,510,111107,3908,21270,16,16,4,104,530,43859,1699,10359,1364160,268416,154152,1,0,5755,45415,1834214,1,0,909,5441,208550,0,0,0,0,193,0,0,44,409,254777,0,239,171,167,223680,56019,0,0,0,0,3530520,0,0,176,50,52,125955,42859,0,0,64,152,14713,0,0,0,0,2,0,0,0,0,0,0,0,6,43,25258,0,0,20,79,8128,0,0,3,4,0,1,947,6134,43044,29933900,1895948,0,0,1408,4885,365965,1,0,5,69,2316,0,607,1996,7413,4790790,473042,0,0,121,201,25563,0,0,0,0,51,0,0,45,117,0,1,2110,743,3230,5817940,165366,0,0,0,0,40,1,0,2,64,2360,0,0,0,8,805,0,23513565,0,1,27040600,69,0,0,0,0,0,0,0,0,0,3312650,0
34,dutchgabbah,62893,2,151533,370,0,18,71,108,318,17,3,19,2,1654,54,33,226478,54,43,14,15917,59,927,3916,2,1,3,12346,496062,96,2,67,497113,10071856,1,8901,32055,91627,83492,45633,55,513375,1,121498000,945,783,7710530,2048,935,69,0,806,2,10977500,761,83,864854,8,6641300,582,63,683663,32,6223920,823,46,453455,779,0,859,17615,17,6217,18536,9700,140,4385,0,0,0,0,0,0,0,0,0,0,9126,32072,57321,79158304,8486610,151272835,79239904,0,32160000,230662450,19384000,5584820,230662450,229700,5931180,14782100,2669360,484,0,21588,14916800,8061,7458,19308600,18496300,411600,670348,16550,174298,2820,0,0,0,8355,13,1,0,22,0,27336,59,5245,202544,543799,31,47,1,7,211,20107,5203,10951,1923560,64222,546216,17,18,2,79,384,90840,3007,16154,2513050,519944,392064,17,18,2,75,338,143402,4730,25500,3630530,813579,643516,28,3,2,33,0,6758,65,1685,24063,43234,13,19,2,108,420,93316,3550,17779,2756940,710663,393306,52,0,11,71,1469,80542,0,23814,3131900,152302,127864,21,15,2,29,309,4649,233,1483,223815,21592,43328,18,19,3,91,428,1899492,65905,346209,47633000,10193093,6670657,0,0,0,0,0,0,0,366,0,0,92,8,3,14,544,18965,366,4323,761137,20587,83885,19,17,4,102,619,196470,7656,43585,6028740,999680,583505,1,0,160,2454,94125,0,0,58,86,10203,0,0,0,0,0,0,0,31,328,54142,0,184,1,1,2991,971,0,0,0,0,28181,0,0,0,0,0,0,23,1,0,13,195,7645,0,0,0,0,0,0,0,0,0,0,0,0,10,64,12229,0,0,0,1,142,0,0,1,1,0,1,924,396,7937,4047840,262714,0,0,0,0,4899,0,0,0,0,0,2,953,151,850,377262,23733,0,0,12,28,1987,0,0,0,0,0,0,0,5,34,0,1,768,23,229,173975,13580,0,0,0,0,11,0,0,0,0,0,0,0,0,0,0,0,0,0,0,1246560,0,0,0,0,0,0,0,0,0,0,54372,0
35,fOOzviking,51743,3,312395,6662,0,14,90,108,281,11,1,19,1,2197,54,35,238403,54,50,6,34600,56,982,1344,22,1,24,119440,4795577,77,1,69,407509,13438039,2,4455,5244,58797,33835,52785,57,528293,1,43703100,821,281,3191910,2048,64892,360,3,10815,2,48089500,745,367,3871220,8,75480304,924,725,4898830,32,25375900,742,189,2049610,578,0,2493,5229,16,9490,39228,25110,140,19570,0,0,0,0,0,0,0,0,0,0,41039,16091,43652,77999800,6978800,239649696,90952800,0,32160000,317868821,41525600,6263020,317868821,216900,46936000,18281000,2713650,459,0,35201,19409500,51225,51512,6734400,86438304,2300,18077,7000,177562,3198,0,62366,62366,10202,35,0,1,33,0,410121,277,60429,1171206,2115167,26,24,0,5,107,2904,349,1441,230179,11062,128636,13,17,1,63,210,223816,7555,42900,5667490,1702256,1617089,13,17,1,67,236,619704,20747,121213,16121200,4587578,4083572,31,6,0,5,0,796,22,349,2543,28790,7,21,1,91,189,76552,3239,15406,2065420,993891,653988,50,0,8,60,1098,40493,0,11670,1469160,80816,80261,18,16,1,20,171,43691,2399,14538,1964100,236411,688107,13,17,1,65,241,337156,11961,67867,9244750,2500797,2292351,0,0,0,0,0,0,0,6579,0,0,51,6,1,15,231,156923,2200,34646,4557190,306440,1180764,16,15,3,81,405,126550,4591,30467,3844890,776536,569205,1,0,3032,42286,1276753,0,0,668,1436,94217,0,0,0,0,125,0,0,281,6683,678292,0,126,45,44,44022,20961,0,0,0,0,1142620,0,0,150,27,19,37043,14729,1,0,165,516,27894,0,0,0,0,22,0,0,0,0,0,0,0,93,972,83183,0,0,12,39,3514,0,0,1,1,0,1,683,6909,37813,17650700,1549154,0,0,462,2117,168628,1,0,1,36,1369,0,625,603,2029,1592990,152799,0,0,94,188,16681,0,0,0,0,70,0,0,1669,3302,0,1,742,1919,21353,8367200,676027,0,0,0,2,375,1,0,4,22,802,0,0,0,0,0,2,15504447,0,3,17313300,67,0,0,0,0,0,0,0,0,0,788143,0
36,iUncleBadTouchx,17978,6,72584,1072,0,21,107,108,338,7,4,11,1,2031,54,50,177952,54,54,15,11151,59,1247,283,61,1,47,196447,6478094,38,1,32,120712,4406541,3,61743,53420,24442,50351,26982,99,317442,1,33827100,1207,218,1681050,2048,1067720,514,53,124459,2,44823400,1312,342,2048410,8,5928220,771,57,461289,32,6634810,926,49,429618,754,0,43,5976,20,2244,11922,8907,140,21040,975,1105,1390610048,35,54,610498,787,787,115815,0,7426,18042,16741,68770400,4516440,212237250,76293904,0,32160000,281327890,27948800,3898340,281327890,265350,119956000,13519000,2848560,586,2,13425,13529000,53697,54162,96909696,1193350,59100,107974,42687,342806,90462,25125,126464,126464,98177,55,0,0,131,0,943153,85,10102,1684986,770362,35,37,1,5,198,8731,1632,4353,825026,24782,249441,16,18,1,55,257,47566,1650,8764,1346270,288391,313635,15,18,1,56,253,144649,4721,25570,4169320,920362,985285,42,5,1,9,0,7053,150,2641,16542,99994,11,18,1,71,247,35758,1262,6764,1120000,323638,271604,73,0,7,69,1136,23223,0,3346,520112,31609,27458,21,13,1,21,243,13775,570,4164,717714,64267,176860,15,18,2,72,323,197818,6904,36910,5721190,1280084,1060153,0,0,0,0,0,0,0,1066,0,0,85,7,2,11,423,36018,568,7947,1571320,42275,222736,24,15,2,37,338,34238,1374,9079,1292440,141669,228924,2,0,11300,64931,1813124,2,0,4123,18303,486350,0,0,0,0,42,0,0,183,2223,245418,0,509,1585,1657,1335690,157381,0,0,0,0,5981940,0,1,677,2459,3843,2366330,209669,1,0,113,519,28641,0,0,0,0,0,0,0,0,0,0,0,0,90,402,35532,1,0,76,548,20707,0,0,2,2,0,1,1200,13288,58987,40190200,2008379,1,0,2869,9445,352102,1,0,5,78,2784,2,1096,6736,23480,12837400,702350,1,0,223,518,20937,0,0,0,0,393,0,0,58,622,0,1,2606,1763,5233,8237600,189628,1,0,0,32,1086,1,0,5,28,1148,2,0,2,20,434,3,1063348,9,147,39733800,2242,0,0,0,0,0,0,0,0,0,9272680,0
37,iUx2,20361,3,65462,383,0,8,62,108,412,7,6,11,1,1748,54,33,216347,54,48,20,10650,191,1045,210,78,2,60,354104,8248575,21,2,20,97241,2826290,1,14550,31499,34364,52584,26996,175,451555,1,27861600,1190,179,1403670,2048,5170,274,0,1129,2,13550400,730,103,1112780,8,1293630,778,12,99678,32,3255350,685,24,284725,774,0,2,20812,19,3679,13212,6971,140,7708,0,0,0,0,0,0,0,0,0,0,34143,8698,23650,73643296,5836220,164090150,93869696,0,32160000,237857740,18920900,3956520,237857740,124500,118124000,43602300,3873500,611,0,21410,13650200,94654,91405,40203500,40638,850,6241,2250,259054,5467,1000,24977,24977,1750,52,0,0,58,0,316105,3,3083,598874,616082,29,46,0,6,146,1783,404,861,130701,6023,53669,17,15,1,46,244,19230,563,3581,587938,111371,144425,17,17,1,61,276,104692,3074,17693,2681950,593744,581421,35,5,1,11,0,442,9,179,1239,6692,9,20,1,105,281,15160,538,2662,404629,151710,86373,53,0,9,73,1439,15252,0,3816,555647,28522,23166,21,14,1,22,218,2541,124,852,111266,11713,30569,19,18,3,95,495,343509,11111,59719,9254740,1790999,1121315,0,0,0,0,0,0,0,383,0,0,69,10,2,18,717,2067,45,429,118114,2969,9884,19,15,1,35,226,17762,635,3983,576157,89449,152694,1,0,1788,8265,323473,1,0,1107,2993,117391,0,0,0,1,286,0,0,49,398,128847,0,920,2972,2870,3128670,203835,0,0,0,0,76628704,0,1,598,7465,9078,5132400,514412,1,0,15,223,7876,0,0,0,0,48,0,0,0,0,0,0,0,6,51,5106,0,0,12,42,3337,0,0,6,7,0,1,905,3406,14011,8570600,568011,3,0,57360,280593,5136594,0,0,3,5,508,1,891,13870,33970,17354900,1167768,0,0,53,128,8530,0,0,0,3,386,0,0,0,4,0,1,2295,152,614,1004480,26253,0,0,0,0,0,0,0,0,0,0,0,0,0,0,20,0,97726600,0,0,4886330,3,0,0,0,0,0,0,0,0,0,1417540,0
38,inFernal BalL,38662,7,238269,3437,0,9,78,108,155,13,1,21,0,1581,54,34,190511,54,52,9,20268,40,461,1565,17,1,15,77991,4535884,81,1,42,353955,12758688,1,44518,76945,57701,19734,33484,82,433511,1,21317400,837,137,1527690,2048,206547,412,10,30041,2,109033000,653,832,10005200,8,3461660,257,33,805471,32,3301750,478,24,413926,1408,0,5,3671,14,8527,24153,11741,140,1413,126747,168188,1448710016,4459,5825,91630704,47003,47003,11532100,0,688,14855,33700,57397600,5857760,173810357,77775000,0,32160000,231339723,11157100,3701690,231339723,130650,36490000,20501600,2009050,590,2,19135,30087200,61370,60164,72140896,250081,41800,98441,12200,17175,107412,4000,27988,27988,20160,31,0,1,12,0,117228,23,31048,377777,1760439,29,61,0,3,103,9903,3191,5148,921353,33163,535200,13,16,0,38,122,19379,585,3487,444521,139187,216935,16,17,1,46,224,1059549,40722,233964,31732300,6506205,8484647,23,8,0,3,0,1534,112,1252,6428,99224,9,18,1,56,164,20950,909,4942,617679,211891,225231,57,0,10,70,1446,47669,0,12889,1708940,82986,70893,28,8,1,15,152,398,10,118,13921,1402,5469,19,18,2,72,337,237605,8402,44696,5651830,1210893,1003841,0,0,0,0,0,0,0,3318,0,0,91,6,1,4,408,1417,25,415,128458,1541,18879,20,16,2,43,276,50599,2085,12676,1555320,242997,337832,1,0,1433,12274,533428,0,0,1584,4665,286408,0,0,1,1,316,0,0,124,864,481259,0,430,7499,7057,4662810,650600,0,0,0,0,466266,0,1,632,19802,28305,11709700,1111418,0,0,8,67,6241,0,0,0,0,0,0,0,0,0,0,0,0,2,25,18750,0,0,276,913,69721,0,0,5,6,0,1,549,3057,16090,8730090,952436,0,0,302,1019,62888,1,0,0,1,59,1,545,1619,6029,2787880,306629,0,0,38,65,8064,0,0,2,2,575,0,0,2,8,0,0,1060,48,229,383040,21675,0,0,0,0,321,0,0,0,2,183,0,0,0,0,22,1,1194666,0,6,5734400,288,0,0,0,0,0,0,0,0,0,2015760,0
39,lmmune Crown,30185,2,126072,2496,0,14,83,108,342,19,2,18,1,1846,54,34,195276,54,54,18,10480,65,1172,674,27,1,26,103053,3303936,72,2,49,271486,6146690,2,53305,72229,72098,103488,25820,99,375213,1,105751000,1273,682,4981720,2048,216207,460,10,28179,2,11610000,988,88,704620,8,4336540,782,41,332609,32,3372960,978,25,206852,544,0,14,6232,11,3486,12756,6994,140,1919,0,0,0,0,0,0,0,0,0,0,5622,25991,27400,68852200,6507360,175745207,71470896,0,32160100,244839776,17928500,4800560,244839776,235000,50458500,13755500,1981230,694,0,11774,12525400,38897,37473,74137696,240098,15550,56474,16800,84811,26181,1875,41669,41669,4562,40,0,0,39,0,89738,13,5566,222451,340324,31,54,1,6,321,7970,2486,4567,1190580,25191,221953,17,24,2,65,313,46333,2045,8451,1266080,265471,242482,18,25,2,75,417,168406,8126,32355,5081260,913870,729926,35,7,1,11,0,9138,334,4266,25810,133782,12,23,2,90,319,26744,1189,5159,765295,216128,143753,25,0,3,66,436,9619,0,1725,249330,38030,34253,22,21,2,32,312,10221,638,3037,435380,45589,83667,18,27,2,83,429,944487,50435,181656,26814100,5187912,3747844,0,0,0,0,0,0,0,2494,0,0,100,9,3,12,503,31952,789,8246,1295700,31941,154411,18,23,2,57,382,55851,3274,13963,2002940,299106,314259,2,0,4162,26039,648996,2,0,2779,7625,203577,0,0,0,0,181,0,0,142,1640,257972,0,479,929,882,649535,81323,0,0,0,0,7379060,0,0,592,2047,2791,1813980,183730,1,0,233,606,29452,2,0,3,11,306,0,0,0,0,0,0,0,133,491,31386,1,0,57,347,13586,0,0,2,2,0,1,1011,3254,13478,7832960,464537,2,0,4721,15608,417886,1,0,6,35,1081,2,981,11191,28569,13548100,828178,1,0,135,290,14040,0,0,1,4,448,0,0,16,230,0,2,2058,487,2006,1984330,57852,0,0,0,0,45,1,0,2,35,1058,2,0,34,383,8729,2,181617,25,211,13818100,4565,0,0,0,0,0,0,0,0,0,3432450,0
40,nG PaTo,38068,2,166964,753,0,14,98,108,191,12,2,11,1,1851,54,35,224171,54,50,11,18775,66,590,353,28,1,23,136398,5783451,71,1,43,340732,10807267,1,46120,70961,59390,49699,34047,83,477483,1,77500704,726,500,6397940,2048,0,0,0,26,2,31859600,599,243,3191030,8,4448460,403,42,660942,32,4744600,512,35,555031,558,0,20,9862,19,7083,20396,11692,140,17168,0,0,0,0,0,0,0,0,0,0,4542,31205,32802,68673000,5867380,176855064,79624096,0,32160000,245767730,14282900,4910150,245767730,229200,58301700,27779700,4108640,601,0,15008,24978100,55589,51233,68997296,265665,261950,576225,20200,86400,37245,4500,2530,2530,10200,65,0,0,76,0,858268,21,14228,1310968,1028518,40,40,0,3,127,8383,2058,5101,726950,20702,343433,17,14,1,34,160,55631,1403,9987,1480460,317333,551745,18,15,1,41,187,254010,7400,46854,6040200,1342284,1930651,38,8,1,7,0,2266,82,960,5839,48251,14,17,1,57,222,46977,1537,8903,1224880,316398,330801,66,0,9,69,1150,27409,0,5659,676630,40981,35278,27,14,1,17,194,12500,567,3846,514862,45232,158771,19,17,2,64,291,1169962,38466,215385,27018900,6020646,5563030,0,0,0,0,0,0,0,751,0,0,77,6,1,9,290,15055,264,3882,576310,19503,119150,20,15,2,45,270,108097,3812,25173,3140360,526407,697548,1,0,6732,21720,1070319,1,0,25168,81348,2653518,0,0,0,0,0,0,0,50,413,220676,0,183,454,400,354418,115630,0,0,0,0,1857170,0,0,273,111,126,219346,48089,1,0,78,273,11529,0,0,0,0,0,0,0,0,0,0,0,0,27,115,29579,0,0,16,33,3143,0,0,3,2,0,1,599,4039,17676,8511650,851182,0,0,1203,2791,253274,0,0,0,0,0,1,692,1583,6572,2983630,258512,0,0,79,184,15511,0,0,0,0,26,0,0,44,229,0,1,1299,755,2391,2718230,125509,0,0,0,0,0,0,0,0,0,0,0,0,0,0,0,0,0,0,0,10158500,0,0,0,0,0,0,0,0,0,0,31498700,0
41,oO JBP Oo,28540,8,128576,1257,0,15,64,108,267,13,1,16,1,1539,54,30,150295,54,36,15,9403,50,1159,1007,9,1,12,24619,1459900,89,1,62,226826,7047621,4,69533,44362,35123,80675,24107,47,252452,1,20399000,1309,131,934613,2048,0,0,0,88,2,120674000,1287,921,5622190,8,1374660,809,13,101835,32,5534380,1272,41,260954,713,0,0,2944,15,1880,11465,7523,140,7472,0,0,0,0,0,0,0,0,0,0,21213,16341,28004,53899400,4333730,163141240,50111400,0,32160100,217213531,23853400,5087650,217213531,171500,15159200,9480400,1489610,676,0,19347,11235900,12597,13401,79609600,10,6300,5875,75,340,0,0,3065,3065,45875,41,0,1,32,0,209879,17,21645,502448,926722,36,39,1,6,224,2766,466,1176,256766,7607,68590,16,17,1,60,303,764612,25224,141077,23540900,4702205,4661533,15,18,2,76,390,42904,1402,7510,1408310,276569,216593,39,4,1,23,0,13032,111,2589,32826,84485,10,20,2,111,316,23594,851,4134,646900,227691,122663,80,0,15,70,2572,46027,0,12821,2086820,57514,48672,28,29,1,17,247,68,5,17,3327,240,806,15,18,2,82,333,154128,4795,26074,4021570,995818,723773,0,0,0,0,0,0,0,1257,0,0,70,9,1,10,878,3469,77,831,407016,4901,27784,20,15,2,58,446,32723,1226,7695,1236110,162689,166000,1,0,1717,7902,405433,1,0,1551,5511,229810,0,0,0,0,81,0,0,31,556,178819,0,259,1,0,7013,1624,0,0,0,0,349450,0,0,558,2,0,5208,560,1,0,10,154,8913,0,0,3,7,425,0,0,0,0,0,0,0,5,29,9446,0,0,2,18,3074,0,0,1,1,0,1,718,1976,7767,5420710,452804,0,0,6,15,36327,1,0,7,32,1127,1,606,229,822,447616,44276,0,0,82,212,12755,0,0,0,0,51,0,0,6,353,0,0,1494,140,553,844629,33911,0,0,0,0,67,1,0,12,28,1523,1,0,6,43,1866,1,100502,23,81,5269690,3146,0,0,0,0,0,0,0,0,0,2814870,0
42,pEELiN cHiLiS,15154,3,81511,2501,0,13,96,108,265,13,2,12,1,1923,54,43,136383,54,53,14,9432,62,1150,97,34,1,31,74459,3583662,65,1,41,141081,4778704,2,48826,47662,28512,100728,17750,88,215637,1,51744000,1328,333,2336090,2048,688767,527,34,78350,2,27281000,1259,208,1299580,8,11398200,1066,109,641250,32,14660200,1275,109,689398,740,0,13,3003,18,2454,10968,6978,140,41879,0,0,0,0,0,0,0,0,0,0,27021,25054,13692,59771300,3624410,159830767,50733800,0,32160000,219886273,25386100,6008100,219886273,280400,54058600,12034400,1661260,475,0,11243,11472000,27404,27312,72354800,494842,9650,56228,562,205365,52297,20000,228388,228388,43462,26,0,0,101,0,240089,21,6370,911236,536521,35,37,1,5,241,5907,1138,3073,713735,16509,177167,18,18,1,61,408,41024,1343,7282,1490570,224097,218683,18,18,1,56,291,231535,7514,40011,6505870,1258428,1337128,42,6,1,7,0,7262,193,2786,17136,133724,13,18,1,71,293,58239,2076,11184,1755510,425712,359163,22,0,3,65,527,4870,0,1084,174008,21703,19811,23,15,1,23,281,13603,643,4187,692205,57296,147352,17,20,1,58,340,271550,10499,51740,8844000,1516127,1559494,0,0,0,0,0,0,0,2501,0,0,79,9,2,12,401,23364,502,5222,970729,29244,145234,19,18,2,44,411,20680,1009,5507,963387,104714,140545,1,0,1225,8293,374741,1,0,1313,3081,117888,0,0,0,0,1,0,0,185,1682,362389,0,647,2880,2708,2426220,224804,0,0,0,0,7454160,0,0,661,1363,1699,1239830,112469,1,0,41,267,11191,0,0,0,0,0,0,0,0,0,0,0,0,192,883,72035,0,0,19,80,4972,0,0,4,5,0,1,1057,4001,19967,15791500,895880,1,0,2672,10292,436023,0,0,0,0,48,1,1071,4622,18146,11008300,616702,1,0,95,189,10655,0,0,2,6,1705,0,0,19,87,0,1,2411,847,3409,6731060,167498,0,0,0,0,0,0,0,0,0,17,0,0,0,0,9,0,2221617,1,2,7405390,200,0,0,0,0,0,0,0,0,0,2002090,0
43,toma69x,22363,1,142316,3897,0,13,99,108,171,11,2,18,0,2006,54,42,153916,54,54,9,16910,35,609,385,32,1,24,103886,5316066,67,1,43,213458,9305506,1,43055,49907,36619,79777,16839,97,317729,1,30833800,885,198,2089570,2048,249528,243,12,61610,2,27447000,708,209,2325190,8,36553800,526,351,4169070,32,13437400,740,100,1088380,2400,0,253,7770,18,6972,19332,9938,140,13152,0,0,0,0,0,0,0,0,0,0,26381,15435,15953,55690200,4026750,161177928,61253800,0,32160000,217153855,24145400,2319080,217153855,230950,52656400,12596900,1706380,503,0,5863,21390400,42143,45143,64172700,3454360,56000,41724,102938,369327,23235,95000,255506,255506,48777,45,0,0,42,0,322787,6,14019,710973,1011201,40,19,0,3,136,80510,11285,58992,8112400,199163,3574460,19,17,1,39,212,124098,4283,25020,3437180,631786,971044,18,18,1,36,199,63962,2443,13556,1911760,352510,574839,37,6,1,5,0,4468,135,2194,12052,120912,12,20,1,54,226,104654,5086,24710,3495260,843581,927658,34,0,5,69,633,9408,0,1976,249223,27230,23591,21,21,1,12,160,6560,532,2452,385137,31019,143955,18,18,1,48,258,212307,8394,44624,6083420,1135686,1409761,0,0,0,0,0,0,0,3894,0,0,84,8,2,11,341,28094,577,7200,947933,33168,166634,23,15,2,30,317,44729,2362,14818,2017780,191774,381134,1,0,2424,13223,460831,1,0,632,1933,92142,0,0,0,0,412,0,0,193,1353,335066,0,357,2036,1977,1444000,242054,0,0,0,0,6123490,0,0,408,6400,10515,4759410,698884,0,0,165,556,37466,0,0,2,9,541,0,0,0,0,0,0,0,32,188,33538,0,0,88,289,21987,0,0,5,8,0,0,720,4602,10690,8526590,709680,1,0,2446,10120,552984,0,0,0,6,428,1,695,16069,48069,22428200,1936168,0,0,276,682,57720,0,0,0,2,605,0,0,206,1116,0,1,1864,279,1481,1801470,57987,0,0,0,6,770,1,0,5,19,1108,1,0,3,11,348,0,1689080,0,0,6334050,225,0,0,0,0,0,0,0,0,0,1239170,0
44,xRubberDuckZ,70238,15,136357,898,0,25,60,108,507,17,4,18,2,1773,54,31,323771,54,43,31,10348,59,1694,3593,4,1,7,25242,929871,94,4,64,539114,7884347,1,25213,85252,100293,349061,47308,67,567949,1,169220992,1557,1091,6520520,2048,480940,1289,24,22382,2,17807400,1747,135,611372,8,6036460,927,58,390338,32,10039500,1815,74,331756,493,0,1,26017,19,4378,11782,5970,140,983,0,0,0,0,0,0,0,0,0,0,18014,78802,76572,125770000,11222000,217972592,102993000,0,32160100,344006772,30130400,16177200,344006772,263550,14387300,12073200,3084060,803,0,26640,12181900,8135,7562,55463200,29080,19700,9662,1187,2420,0,0,0,0,1880,31,0,0,27,0,84419,18,5558,271823,592547,43,29,1,6,283,14278,2176,7411,1392850,32888,294322,23,20,4,115,1017,124202,4107,20403,4584080,518909,270271,24,20,3,68,484,211969,8274,40968,6213880,883083,769359,34,3,3,63,0,13421,82,2170,39226,37241,22,19,4,98,844,95918,3753,19455,3702340,433397,262890,113,0,22,77,3454,210325,0,52741,8270040,185789,143641,30,12,2,35,519,3638,125,989,171676,11807,19810,23,21,4,102,676,2064715,76158,356381,57253000,8702917,5077208,0,0,0,0,0,0,0,897,0,0,117,7,4,16,911,45984,827,10781,2104760,39049,138571,26,18,4,78,708,96525,3868,21360,3286980,363628,278487,1,0,706,6302,199944,1,0,220,1082,34204,0,0,0,0,27,0,0,6,42,19160,0,18,0,0,197,653,0,0,0,0,64686,0,0,16,0,0,60,212,1,0,1,37,1778,0,0,0,0,0,0,0,0,0,0,0,0,5,13,3059,0,0,2,1,394,0,0,0,0,0,1,951,2594,14986,9387670,591956,0,0,0,1,6380,0,0,0,0,0,2,1090,373,2338,915953,50384,0,0,2,6,697,0,0,1,1,80,0,0,1,12,0,1,2403,26,199,339339,8472,0,0,0,0,36,0,0,0,0,0,0,0,0,0,76,0,189488400,0,0,3158140,1,0,0,0,0,0,0,0,0,0,521279,0
45,xXElmoMcElroyXx,38132,3,397063,26503,0,23,64,108,200,9,0,26,1,1399,54,29,167064,54,38,10,15676,20,700,823,0,1,0,1204,45913,99,2,54,387406,10128804,1,22910,45018,35830,17217,22944,20,389433,1,10266900,783,66,786306,2048,0,0,0,30,2,9058510,726,69,748230,8,129746000,932,1247,8347730,32,4226020,787,31,322134,534,0,11,2779,14,6403,17912,9273,140,580,0,0,0,0,0,0,0,0,0,0,4334,4765,38334,61863500,4966490,153463069,61723500,0,32160000,215588721,23382300,4270060,215588721,261850,165639,6178330,1470400,406,0,11027,18478600,10252,9804,58279400,268770,218000,118584,19025,16500,0,0,0,0,349686,30,0,2,21,0,50067,72,21788,164722,467779,26,50,0,3,94,1043,264,525,122331,3953,78082,14,16,1,67,261,54944,1622,10117,1512670,389070,347381,14,17,1,71,290,491252,16202,90569,14081900,3464903,2903924,34,3,1,20,0,30667,229,7538,88646,263809,9,19,1,71,240,23932,869,4451,863556,258767,215868,33,0,0,64,140,66526,0,2577,431774,197836,183986,17,15,1,21,162,7788,382,2420,352029,45707,129800,14,17,1,60,288,50949,1696,9877,1691020,351765,351335,0,0,0,0,0,0,0,26503,0,0,86,6,2,8,316,604692,12406,196556,26361000,698877,4989563,19,14,4,87,481,56708,2081,14485,1582560,286803,197277,0,0,0,6,2547,0,0,1,0,313,0,0,0,0,0,0,0,0,32,22491,0,177,0,0,385,130,0,0,0,0,32819,0,0,0,0,0,0,17,0,0,1,2,805,0,0,0,0,0,0,0,0,0,0,0,0,0,1,2265,0,0,1,2,146,0,0,0,0,0,0,595,3,16,50131,5054,0,0,0,0,5625,0,0,0,0,4,0,350,1,2,5650,968,0,0,0,0,147,0,0,0,0,0,0,0,8,1130,0,0,1008,1,6,58540,3483,0,0,0,0,0,0,0,0,0,0,0,0,0,0,0,0,0,0,0,14860,0,0,0,0,0,0,0,0,0,0,3251,0
46,z Devotionn,82736,7,240872,2854,0,15,98,108,249,17,2,19,1,1923,54,37,336370,54,54,19,17601,51,734,4361,10,1,13,76970,3636602,88,2,45,635791,12721095,1,38960,113107,122161,194686,64154,139,717122,1,179336000,1024,1157,10499400,2048,46675,275,2,10173,2,8511980,593,64,861122,8,4322500,461,41,562045,32,8560160,821,63,624870,1999,0,18,22879,280,7301,21837,10300,140,4715,240489,716082,1555619968,7286,10282,339276000,663588,663588,27673400,0,15362,52645,85492,106340000,11893800,233046515,115379000,0,32160000,339635278,31866800,8544960,339635278,239700,32269200,23861300,3600650,502,0,47206,27736000,27677,26480,62894800,423043,91700,454144,9350,125880,68344,17125,32260,32260,7580,42,0,1,25,0,187890,240,24877,443590,1049695,32,29,1,6,213,12206,2018,6841,1351970,38036,379655,15,18,2,67,278,28346,1033,5469,754694,183850,162456,15,20,2,75,333,140568,5507,26883,3956630,895653,712354,39,8,2,19,0,17789,474,5743,45290,141811,9,23,2,128,363,92206,4213,17957,2693640,950615,444308,96,0,18,67,2503,159253,0,46108,6082630,164355,145751,20,20,1,26,212,9904,624,3022,396551,49293,112090,16,21,3,95,424,2313384,98290,449989,62273600,13954195,8805182,0,0,0,0,0,0,0,2819,0,0,90,7,3,12,525,47930,1033,14133,2253480,53253,257288,19,19,3,78,500,129865,6342,31950,4260520,667282,510389,1,0,1884,13233,501021,1,0,600,2964,115730,0,0,0,3,195,0,0,74,960,291073,0,434,1709,1672,1140790,157364,0,0,0,0,4161380,0,0,373,2937,3383,1906290,306275,1,0,32,785,25840,0,0,0,0,0,0,0,0,0,0,0,0,50,198,23723,0,0,36,103,6479,0,0,2,2,0,1,546,4443,20391,8689660,953374,1,0,2788,10307,466321,1,0,12,102,3921,1,781,4776,19297,8516160,654159,0,0,26,93,7251,0,0,0,3,934,0,0,33,299,0,1,1687,244,1213,1315720,46788,0,0,0,2,138,1,0,5,58,1778,1,0,3,17,534,1,251829,4,31,5355580,1276,0,0,0,0,0,0,0,0,0,1183650,0
47,zak 70,17943,2,181845,1342,0,13,90,108,122,9,1,12,0,1715,54,33,130472,54,49,6,18815,33,455,962,43,0,30,115983,8598027,55,1,29,147581,8472180,1,63650,50834,26078,47502,22884,50,264526,1,17617200,773,113,1365940,2048,243994,252,12,58032,2,41799700,703,319,3562570,8,14375400,481,138,1790220,32,22398900,694,167,1934160,1001,0,7,1523,11,8221,20330,10594,140,22381,49409,51033,1420099968,2422,3208,47037100,40318,40318,6089870,0,26264,9168,15942,43459800,3437860,173882298,58266800,0,32160100,217568454,20406500,3281460,217568454,218800,77447104,16110800,2165560,335,0,12034,28639700,45658,39269,87497400,180548,4400,5062,1550,48880,12918,0,0,0,17612,38,0,0,50,0,395267,25,17248,1017013,1197554,29,44,0,2,70,11806,2479,5569,953575,40279,812455,14,17,1,45,167,66993,1933,11196,1682700,460900,603955,14,17,0,36,134,287400,8956,50591,7124060,1937765,3177880,32,7,0,4,0,2690,106,1343,8214,120240,9,19,1,71,161,58340,1987,10157,1437780,637476,533041,60,0,6,72,893,36354,0,5588,742098,60520,49831,18,16,0,16,127,14928,715,4403,618987,82024,290430,14,18,1,54,198,126675,4379,23239,3299160,903981,997796,0,0,0,0,0,0,0,1316,0,0,67,8,1,9,204,40449,750,8607,1226200,59636,358968,21,15,1,23,204,27714,1285,8324,1124020,126606,330030,1,0,4216,28213,1407489,0,0,1144,3291,230030,0,0,0,0,6,0,0,185,2165,671231,0,210,778,668,976500,278627,0,0,0,0,8347090,0,0,213,1113,1428,1346860,379280,0,0,54,278,25228,0,0,7,13,1058,0,0,0,0,0,0,0,88,479,101981,0,0,80,225,25333,0,0,6,7,0,1,691,8997,51163,33266200,2887126,0,0,3181,9405,1032840,1,0,6,63,3201,0,491,4206,11307,8579440,1047432,0,0,231,560,59429,0,0,1,0,232,0,0,71,196,0,0,1442,898,3034,4951440,206017,0,0,0,0,51,1,0,1,33,1359,1,0,1,15,547,0,1300545,0,6,18055900,833,0,0,0,0,0,0,0,0,0,1923620,0
